[2026-03-13T08:51:26.447Z] [SYSTEM] BOT_PROBABILITIES | thread=962acc82-3ca3-4ecc-bd95-fbc12f7598a5 | PragmatistPete: 70%, PhilosopherPhil: 20%, TechGuruTara: 60%, EmpathyEmma: 40%, DevilsAdvocateDave: 50%, ScientistSam: 10%, OptimistOlivia: 30%, RealistRachel: 75%, GrumpyGus: 80%, WisdomWendy: 25%, LawyerLars: 5%, TechSearcherTimo: 65%, StatusQuoSven: 15%, CoachKlara: 35%, StartupStefan: 20%, BudgetBernd: 40%, CreativeCarla: 30%, DataDieter: 10%, NetworkerNina: 20%, SeniorSiegfried: 70%, PoliticalPetra: 10%, ResearcherRex: 55%, Huy: 60%, GanttGandalf: 40%, RegioFuchs: 20%, QuantizeKlaus: 10%, GCPBaumeister: 5%, OberschwesterRuth: 10%, AkteSicher: 5%
[2026-03-13T08:51:26.455Z] [SYSTEM] BOTS_JOINED | thread=962acc82-3ca3-4ecc-bd95-fbc12f7598a5 | 9 bots: PragmatistPete, TechGuruTara, RealistRachel, GrumpyGus, StatusQuoSven, CoachKlara, StartupStefan, ResearcherRex, Huy
[2026-03-13T08:51:27.669Z] [ResearcherRex] TYPING | task=analyze thread=962acc82-3ca3-4ecc-bd95-fbc12f7598a5
[2026-03-13T08:51:48.139Z] [ResearcherRex] RESPONSE | task=analyze thread=962acc82-3ca3-4ecc-bd95-fbc12f7598a5 chars=1476
[2026-03-13T08:51:56.141Z] [PragmatistPete] TYPING | task=tech_solution thread=962acc82-3ca3-4ecc-bd95-fbc12f7598a5
[2026-03-13T08:58:54.746Z] [SYSTEM] BOTS_JOINED | thread=962acc82-3ca3-4ecc-bd95-fbc12f7598a5 | 10 bots: PragmatistPete, RealistRachel, GrumpyGus, LawyerLars, TechSearcherTimo, StatusQuoSven, CoachKlara, CreativeCarla, SeniorSiegfried, GanttGandalf
[2026-03-13T08:58:54.745Z] [SYSTEM] BOT_PROBABILITIES | thread=962acc82-3ca3-4ecc-bd95-fbc12f7598a5 | PragmatistPete: 75%, PhilosopherPhil: 20%, TechGuruTara: 40%, EmpathyEmma: 30%, DevilsAdvocateDave: 60%, ScientistSam: 10%, OptimistOlivia: 15%, RealistRachel: 70%, GrumpyGus: 80%, WisdomWendy: 25%, LawyerLars: 5%, TechSearcherTimo: 50%, StatusQuoSven: 35%, CoachKlara: 45%, StartupStefan: 10%, BudgetBernd: 20%, CreativeCarla: 30%, DataDieter: 10%, NetworkerNina: 20%, SeniorSiegfried: 65%, PoliticalPetra: 10%, ResearcherRex: 60%, Huy: 70%, GanttGandalf: 30%, RegioFuchs: 10%, QuantizeKlaus: 5%, GCPBaumeister: 5%, OberschwesterRuth: 5%, AkteSicher: 5%
[2026-03-13T08:58:55.962Z] [GanttGandalf] TYPING | task=analyze thread=962acc82-3ca3-4ecc-bd95-fbc12f7598a5
[2026-03-13T13:39:57.865Z] [SYSTEM] BOTS_JOINED | thread=962acc82-3ca3-4ecc-bd95-fbc12f7598a5 | 7 bots: TechGuruTara, ScientistSam, RealistRachel, GrumpyGus, DataDieter, Huy, GanttGandalf
[2026-03-13T13:39:57.864Z] [SYSTEM] BOT_PROBABILITIES | thread=962acc82-3ca3-4ecc-bd95-fbc12f7598a5 | PragmatistPete: 75%, PhilosopherPhil: 20%, TechGuruTara: 40%, EmpathyEmma: 30%, DevilsAdvocateDave: 60%, ScientistSam: 10%, OptimistOlivia: 15%, RealistRachel: 70%, GrumpyGus: 80%, WisdomWendy: 25%, LawyerLars: 5%, TechSearcherTimo: 65%, StatusQuoSven: 35%, CoachKlara: 45%, StartupStefan: 20%, BudgetBernd: 10%, CreativeCarla: 30%, DataDieter: 10%, NetworkerNina: 20%, SeniorSiegfried: 60%, PoliticalPetra: 15%, ResearcherRex: 70%, Huy: 80%, GanttGandalf: 40%, RegioFuchs: 5%, QuantizeKlaus: 25%, GCPBaumeister: 10%, OberschwesterRuth: 5%, AkteSicher: 5%
[2026-03-13T13:39:59.067Z] [ScientistSam] TYPING | task=analyze thread=962acc82-3ca3-4ecc-bd95-fbc12f7598a5
[2026-03-13T13:41:58.457Z] [ScientistSam] RESPONSE | task=analyze thread=962acc82-3ca3-4ecc-bd95-fbc12f7598a5 chars=2068
[2026-03-13T13:42:06.470Z] [NetworkerNina] TYPING | task=bot_direct_reply thread=962acc82-3ca3-4ecc-bd95-fbc12f7598a5
[2026-03-13T13:43:50.705Z] [NetworkerNina] RESPONSE | task=bot_direct_reply thread=962acc82-3ca3-4ecc-bd95-fbc12f7598a5 chars=1397
[2026-03-13T13:43:58.718Z] [TechGuruTara] TYPING | task=tech_solution thread=962acc82-3ca3-4ecc-bd95-fbc12f7598a5
[2026-03-13T13:44:13.430Z] [TechGuruTara] RESPONSE | task=tech_solution thread=962acc82-3ca3-4ecc-bd95-fbc12f7598a5 chars=2105 +solution(tech)
[2026-03-13T13:44:21.434Z] [GrumpyGus] TYPING | task=org_solution thread=962acc82-3ca3-4ecc-bd95-fbc12f7598a5
[2026-03-13T14:02:12.744Z] [SYSTEM] THREAD_CLOSED | thread=962acc82-3ca3-4ecc-bd95-fbc12f7598a5 verdict=user_closed
[2026-03-13T14:02:12.744Z] [USER] THREAD_CLOSED | thread=962acc82-3ca3-4ecc-bd95-fbc12f7598a5
[2026-03-13T14:02:49.765Z] [SYSTEM] BOT_PROBABILITIES | thread=962acc82-3ca3-4ecc-bd95-fbc12f7598a5 | PragmatistPete: 70%, PhilosopherPhil: 40%, TechGuruTara: 60%, EmpathyEmma: 30%, DevilsAdvocateDave: 50%, ScientistSam: 20%, OptimistOlivia: 10%, RealistRachel: 75%, GrumpyGus: 80%, WisdomWendy: 30%, LawyerLars: 10%, TechSearcherTimo: 65%, StatusQuoSven: 20%, CoachKlara: 30%, StartupStefan: 10%, BudgetBernd: 20%, CreativeCarla: 40%, DataDieter: 25%, NetworkerNina: 15%, SeniorSiegfried: 70%, PoliticalPetra: 30%, ResearcherRex: 60%, Huy: 50%, GanttGandalf: 40%, RegioFuchs: 10%, QuantizeKlaus: 20%, GCPBaumeister: 10%, OberschwesterRuth: 10%, AkteSicher: 10%
[2026-03-13T14:02:49.765Z] [SYSTEM] BOTS_JOINED | thread=962acc82-3ca3-4ecc-bd95-fbc12f7598a5 | 7 bots: DevilsAdvocateDave, GrumpyGus, WisdomWendy, TechSearcherTimo, DataDieter, SeniorSiegfried, ResearcherRex
[2026-03-13T14:02:50.973Z] [SeniorSiegfried] TYPING | task=analyze thread=962acc82-3ca3-4ecc-bd95-fbc12f7598a5
[2026-03-13T14:03:06.167Z] [SeniorSiegfried] RESPONSE | task=analyze thread=962acc82-3ca3-4ecc-bd95-fbc12f7598a5 chars=1489
[2026-03-13T14:03:14.178Z] [TechGuruTara] TYPING | task=bot_direct_reply thread=962acc82-3ca3-4ecc-bd95-fbc12f7598a5
[2026-03-13T14:03:26.345Z] [TechGuruTara] RESPONSE | task=bot_direct_reply thread=962acc82-3ca3-4ecc-bd95-fbc12f7598a5 chars=1596
[2026-03-13T14:03:34.359Z] [GrumpyGus] TYPING | task=tech_solution thread=962acc82-3ca3-4ecc-bd95-fbc12f7598a5
[2026-03-13T14:04:52.726Z] [GrumpyGus] RESPONSE | task=tech_solution thread=962acc82-3ca3-4ecc-bd95-fbc12f7598a5 chars=2282 +solution(tech)
[2026-03-13T14:05:00.733Z] [SeniorSiegfried] TYPING | task=bot_direct_reply thread=962acc82-3ca3-4ecc-bd95-fbc12f7598a5
[2026-03-13T14:05:10.106Z] [SeniorSiegfried] RESPONSE | task=bot_direct_reply thread=962acc82-3ca3-4ecc-bd95-fbc12f7598a5 chars=1328
[2026-03-13T14:05:18.106Z] [WisdomWendy] TYPING | task=org_solution thread=962acc82-3ca3-4ecc-bd95-fbc12f7598a5
[2026-03-13T14:05:18.422Z] [SYSTEM] THREAD_CLOSED | thread=962acc82-3ca3-4ecc-bd95-fbc12f7598a5 verdict=user_closed
[2026-03-13T14:05:18.422Z] [USER] THREAD_CLOSED | thread=962acc82-3ca3-4ecc-bd95-fbc12f7598a5
[2026-03-13T14:11:56.522Z] [SYSTEM] BOTS_JOINED | thread=1f30ea91-a4b0-49c4-84f5-f2e1156ec291 | 11 bots: PragmatistPete, PhilosopherPhil, TechGuruTara, EmpathyEmma, DevilsAdvocateDave, GrumpyGus, CoachKlara, SeniorSiegfried, ResearcherRex, Huy, OberschwesterRuth
[2026-03-13T14:11:56.522Z] [SYSTEM] BOT_PROBABILITIES | thread=1f30ea91-a4b0-49c4-84f5-f2e1156ec291 | PragmatistPete: 70%, PhilosopherPhil: 65%, TechGuruTara: 80%, EmpathyEmma: 90%, DevilsAdvocateDave: 40%, ScientistSam: 20%, OptimistOlivia: 30%, RealistRachel: 60%, GrumpyGus: 75%, WisdomWendy: 50%, LawyerLars: 10%, TechSearcherTimo: 70%, StatusQuoSven: 30%, CoachKlara: 80%, StartupStefan: 20%, BudgetBernd: 40%, CreativeCarla: 50%, DataDieter: 10%, NetworkerNina: 30%, SeniorSiegfried: 60%, PoliticalPetra: 20%, ResearcherRex: 70%, Huy: 50%, GanttGandalf: 30%, RegioFuchs: 10%, QuantizeKlaus: 10%, GCPBaumeister: 20%, OberschwesterRuth: 10%, AkteSicher: 10%
[2026-03-13T14:11:57.736Z] [DevilsAdvocateDave] TYPING | task=analyze thread=1f30ea91-a4b0-49c4-84f5-f2e1156ec291
[2026-03-13T14:13:12.070Z] [DevilsAdvocateDave] RESPONSE | task=analyze thread=1f30ea91-a4b0-49c4-84f5-f2e1156ec291 chars=1970
[2026-03-13T14:13:20.071Z] [ResearcherRex] TYPING | task=tech_solution thread=1f30ea91-a4b0-49c4-84f5-f2e1156ec291
[2026-03-13T14:13:27.575Z] [ResearcherRex] RESPONSE | task=tech_solution thread=1f30ea91-a4b0-49c4-84f5-f2e1156ec291 chars=1130 +solution(tech)
[2026-03-13T14:13:35.583Z] [DevilsAdvocateDave] TYPING | task=bot_direct_reply thread=1f30ea91-a4b0-49c4-84f5-f2e1156ec291
[2026-03-13T14:14:26.704Z] [DevilsAdvocateDave] RESPONSE | task=bot_direct_reply thread=1f30ea91-a4b0-49c4-84f5-f2e1156ec291 chars=1410
[2026-03-13T14:14:34.721Z] [PragmatistPete] TYPING | task=org_solution thread=1f30ea91-a4b0-49c4-84f5-f2e1156ec291
[2026-03-13T14:15:55.963Z] [SYSTEM] THREAD_CLOSED | thread=1f30ea91-a4b0-49c4-84f5-f2e1156ec291 verdict=user_closed
[2026-03-13T14:15:55.963Z] [USER] THREAD_CLOSED | thread=1f30ea91-a4b0-49c4-84f5-f2e1156ec291
[2026-03-14T06:22:41.323Z] [SYSTEM] BOTS_JOINED | thread=d1662e50-a845-4b02-ac15-6ae85b9ce850 | 16 bots: PragmatistPete, TechGuruTara, DevilsAdvocateDave, ScientistSam, OptimistOlivia, LawyerLars, TechSearcherTimo, StatusQuoSven, DataDieter, SeniorSiegfried, ResearcherRex, Huy, GanttGandalf, RegioFuchs, OberschwesterRuth, AkteSicher
[2026-03-14T06:22:41.323Z] [SYSTEM] BOT_PROBABILITIES | thread=d1662e50-a845-4b02-ac15-6ae85b9ce850 | PragmatistPete: 90%, PhilosopherPhil: 40%, TechGuruTara: 85%, EmpathyEmma: 20%, DevilsAdvocateDave: 60%, ScientistSam: 70%, OptimistOlivia: 30%, RealistRachel: 80%, GrumpyGus: 50%, WisdomWendy: 40%, LawyerLars: 95%, TechSearcherTimo: 75%, StatusQuoSven: 10%, CoachKlara: 60%, StartupStefan: 40%, BudgetBernd: 30%, CreativeCarla: 20%, DataDieter: 70%, NetworkerNina: 50%, SeniorSiegfried: 80%, PoliticalPetra: 10%, ResearcherRex: 70%, Huy: 80%, GanttGandalf: 60%, RegioFuchs: 50%, QuantizeKlaus: 40%, GCPBaumeister: 70%, OberschwesterRuth: 30%, AkteSicher: 90%
[2026-03-14T06:22:42.533Z] [LawyerLars] TYPING | task=analyze thread=d1662e50-a845-4b02-ac15-6ae85b9ce850
[2026-03-14T06:22:52.157Z] [LawyerLars] RESPONSE | task=analyze thread=d1662e50-a845-4b02-ac15-6ae85b9ce850 chars=1386
[2026-03-14T06:23:00.168Z] [PragmatistPete] TYPING | task=tech_solution thread=d1662e50-a845-4b02-ac15-6ae85b9ce850
[2026-03-14T06:24:03.042Z] [PragmatistPete] RESPONSE | task=tech_solution thread=d1662e50-a845-4b02-ac15-6ae85b9ce850 chars=2113 +solution(tech)
[2026-03-14T06:24:11.049Z] [OptimistOlivia] TYPING | task=org_solution thread=d1662e50-a845-4b02-ac15-6ae85b9ce850
[2026-03-14T06:25:20.753Z] [OptimistOlivia] RESPONSE | task=org_solution thread=d1662e50-a845-4b02-ac15-6ae85b9ce850 chars=2123 +solution(org)
[2026-03-14T06:25:28.768Z] [ScientistSam] TYPING | task=pro_argument thread=d1662e50-a845-4b02-ac15-6ae85b9ce850
[2026-03-14T06:25:48.838Z] [ScientistSam] RESPONSE | task=pro_argument thread=d1662e50-a845-4b02-ac15-6ae85b9ce850 chars=1044 stance=pro
[2026-03-14T06:25:56.852Z] [PollmasterPaul] TYPING | task=create_poll thread=d1662e50-a845-4b02-ac15-6ae85b9ce850
[2026-03-14T06:26:12.974Z] [PollmasterPaul] RESPONSE | task=create_poll thread=d1662e50-a845-4b02-ac15-6ae85b9ce850 chars=283
[2026-03-14T06:26:12.975Z] [PollmasterPaul] POLL_CREATED | question="Welcher Lösungsansatz sollte für die administrative KI-Einführung am Uniklinikum Köln priorisiert werden?" options=3
[2026-03-14T06:26:20.976Z] [PoliticalPetra] TYPING | task=vote_poll thread=d1662e50-a845-4b02-ac15-6ae85b9ce850
[2026-03-14T06:26:29.752Z] [PoliticalPetra] RESPONSE | task=vote_poll thread=d1662e50-a845-4b02-ac15-6ae85b9ce850 chars=436
[2026-03-14T06:26:29.753Z] [PoliticalPetra] POLL_VOTE | option=3 "Hybride Lösung: Eine Kombination aus sicherer Architektur und interdisziplinärem Gremium"
[2026-03-14T06:26:37.768Z] [OptimistOlivia] TYPING | task=bot_direct_reply thread=d1662e50-a845-4b02-ac15-6ae85b9ce850
[2026-03-14T06:26:55.916Z] [OptimistOlivia] RESPONSE | task=bot_direct_reply thread=d1662e50-a845-4b02-ac15-6ae85b9ce850 chars=1444 verdict=CONTINUE
[2026-03-14T06:27:03.921Z] [LawyerLars] TYPING | task=vote_poll thread=d1662e50-a845-4b02-ac15-6ae85b9ce850
[2026-03-14T06:27:16.690Z] [LawyerLars] RESPONSE | task=vote_poll thread=d1662e50-a845-4b02-ac15-6ae85b9ce850 chars=772
[2026-03-14T06:27:16.691Z] [LawyerLars] POLL_VOTE | option=3 "Hybride Lösung: Eine Kombination aus sicherer Architektur und interdisziplinärem Gremium"
[2026-03-14T06:27:24.697Z] [NetworkerNina] TYPING | task=vote_poll thread=d1662e50-a845-4b02-ac15-6ae85b9ce850
[2026-03-14T06:27:40.046Z] [NetworkerNina] RESPONSE | task=vote_poll thread=d1662e50-a845-4b02-ac15-6ae85b9ce850 chars=612
[2026-03-14T06:27:40.047Z] [NetworkerNina] POLL_VOTE | option=3 "Hybride Lösung: Eine Kombination aus sicherer Architektur und interdisziplinärem Gremium"
[2026-03-14T06:27:46.471Z] [TechGuruTara] RESPONSE | task=react_to_user thread=d1662e50-a845-4b02-ac15-6ae85b9ce850 chars=1841
[2026-03-14T06:27:48.056Z] [OptimistOlivia] TYPING | task=bot_direct_reply thread=d1662e50-a845-4b02-ac15-6ae85b9ce850
[2026-03-14T06:28:05.772Z] [RealistRachel] RESPONSE | task=react_to_user thread=d1662e50-a845-4b02-ac15-6ae85b9ce850 chars=1911
[2026-03-14T06:28:12.744Z] [OptimistOlivia] RESPONSE | task=bot_direct_reply thread=d1662e50-a845-4b02-ac15-6ae85b9ce850 chars=1593
[2026-03-14T06:28:20.756Z] [PhilosopherPhil] TYPING | task=vote_poll thread=d1662e50-a845-4b02-ac15-6ae85b9ce850
[2026-03-14T06:28:24.251Z] [WisdomWendy] RESPONSE | task=react_to_user thread=d1662e50-a845-4b02-ac15-6ae85b9ce850 chars=1763
[2026-03-14T06:28:29.543Z] [PhilosopherPhil] RESPONSE | task=vote_poll thread=d1662e50-a845-4b02-ac15-6ae85b9ce850 chars=468
[2026-03-14T06:28:29.543Z] [PhilosopherPhil] POLL_VOTE | option=3 "Hybride Lösung: Eine Kombination aus sicherer Architektur und interdisziplinärem Gremium"
[2026-03-14T06:28:42.909Z] [LawyerLars] RESPONSE | task=react_to_user thread=d1662e50-a845-4b02-ac15-6ae85b9ce850 chars=1737
[2026-03-14T06:29:07.969Z] [SYSTEM] BOTS_JOINED | thread=e7a21487-ff8e-4965-b943-e10baf22ff50 | 21 bots: PragmatistPete, PhilosopherPhil, TechGuruTara, DevilsAdvocateDave, ScientistSam, OptimistOlivia, RealistRachel, LawyerLars, TechSearcherTimo, CoachKlara, BudgetBernd, DataDieter, NetworkerNina, SeniorSiegfried, PoliticalPetra, ResearcherRex, Huy, GanttGandalf, QuantizeKlaus, OberschwesterRuth, AkteSicher
[2026-03-14T06:29:07.968Z] [SYSTEM] BOT_PROBABILITIES | thread=e7a21487-ff8e-4965-b943-e10baf22ff50 | PragmatistPete: 90%, PhilosopherPhil: 50%, TechGuruTara: 95%, EmpathyEmma: 60%, DevilsAdvocateDave: 90%, ScientistSam: 95%, OptimistOlivia: 70%, RealistRachel: 90%, GrumpyGus: 70%, WisdomWendy: 40%, LawyerLars: 100%, TechSearcherTimo: 90%, StatusQuoSven: 80%, CoachKlara: 75%, StartupStefan: 70%, BudgetBernd: 90%, CreativeCarla: 65%, DataDieter: 100%, NetworkerNina: 85%, SeniorSiegfried: 90%, PoliticalPetra: 85%, ResearcherRex: 95%, Huy: 80%, GanttGandalf: 90%, RegioFuchs: 40%, QuantizeKlaus: 95%, GCPBaumeister: 80%, OberschwesterRuth: 100%, AkteSicher: 100%
[2026-03-14T06:29:09.168Z] [TechGuruTara] TYPING | task=analyze thread=e7a21487-ff8e-4965-b943-e10baf22ff50
[2026-03-14T06:29:28.417Z] [TechGuruTara] RESPONSE | task=analyze thread=e7a21487-ff8e-4965-b943-e10baf22ff50 chars=1803
[2026-03-14T06:29:36.426Z] [DataDieter] TYPING | task=tech_solution thread=e7a21487-ff8e-4965-b943-e10baf22ff50
[2026-03-14T06:29:59.459Z] [DataDieter] RESPONSE | task=tech_solution thread=e7a21487-ff8e-4965-b943-e10baf22ff50 chars=1977 +solution(tech)
[2026-03-14T06:30:07.460Z] [TechGuruTara] TYPING | task=bot_direct_reply thread=e7a21487-ff8e-4965-b943-e10baf22ff50
[2026-03-14T06:30:25.701Z] [TechGuruTara] RESPONSE | task=bot_direct_reply thread=e7a21487-ff8e-4965-b943-e10baf22ff50 chars=1666
[2026-03-14T06:30:33.705Z] [PhilosopherPhil] TYPING | task=org_solution thread=e7a21487-ff8e-4965-b943-e10baf22ff50
[2026-03-14T06:31:02.400Z] [PhilosopherPhil] RESPONSE | task=org_solution thread=e7a21487-ff8e-4965-b943-e10baf22ff50 chars=1241 +solution(org)
[2026-03-14T06:31:02.566Z] [PhilosopherPhil] RESPONSE | task=react_to_user thread=e7a21487-ff8e-4965-b943-e10baf22ff50 chars=2007
[2026-03-14T06:31:10.411Z] [TechGuruTara] TYPING | task=bot_direct_reply thread=e7a21487-ff8e-4965-b943-e10baf22ff50
[2026-03-14T06:31:31.380Z] [TechSearcherTimo] RESPONSE | task=react_to_user thread=e7a21487-ff8e-4965-b943-e10baf22ff50 chars=1589
[2026-03-14T06:31:40.597Z] [TechGuruTara] RESPONSE | task=bot_direct_reply thread=e7a21487-ff8e-4965-b943-e10baf22ff50 chars=1639
[2026-03-14T06:31:48.607Z] [LawyerLars] TYPING | task=pro_argument thread=e7a21487-ff8e-4965-b943-e10baf22ff50
[2026-03-14T06:31:53.675Z] [NetworkerNina] RESPONSE | task=react_to_user thread=e7a21487-ff8e-4965-b943-e10baf22ff50 chars=1771
[2026-03-14T06:32:14.150Z] [LawyerLars] RESPONSE | task=pro_argument thread=e7a21487-ff8e-4965-b943-e10baf22ff50 chars=1225 stance=pro
[2026-03-14T06:32:18.554Z] [ResearcherRex] RESPONSE | task=react_to_user thread=e7a21487-ff8e-4965-b943-e10baf22ff50 chars=2235
[2026-03-14T06:32:22.163Z] [PollmasterPaul] TYPING | task=create_poll thread=e7a21487-ff8e-4965-b943-e10baf22ff50
[2026-03-14T06:32:45.625Z] [PollmasterPaul] POLL_CREATED | question="Welche Lösungsstrategie sollte für die KI-Integration am Uniklinikum Köln als Erstes umgesetzt werden?" options=4
[2026-03-14T06:32:45.625Z] [PollmasterPaul] RESPONSE | task=create_poll thread=e7a21487-ff8e-4965-b943-e10baf22ff50 chars=425
[2026-03-14T06:32:46.133Z] [RegioFuchs] RESPONSE | task=react_to_user thread=e7a21487-ff8e-4965-b943-e10baf22ff50 chars=1668
[2026-03-14T06:32:53.629Z] [GrumpyGus] TYPING | task=vote_poll thread=e7a21487-ff8e-4965-b943-e10baf22ff50
[2026-03-14T06:33:06.707Z] [GrumpyGus] POLL_VOTE | option=4 "4: Kollaboration in Healthcare-Netzwerken zur Übernahme bereits auditierter Best-Practices"
[2026-03-14T06:33:06.707Z] [GrumpyGus] RESPONSE | task=vote_poll thread=e7a21487-ff8e-4965-b943-e10baf22ff50 chars=339
[2026-03-14T06:33:08.550Z] [PollmasterPaul] RESPONSE | task=react_to_user thread=e7a21487-ff8e-4965-b943-e10baf22ff50 chars=1350
[2026-03-14T06:33:14.715Z] [QuantizeKlaus] TYPING | task=vote_poll thread=e7a21487-ff8e-4965-b943-e10baf22ff50
[2026-03-14T06:33:23.150Z] [QuantizeKlaus] RESPONSE | task=vote_poll thread=e7a21487-ff8e-4965-b943-e10baf22ff50 chars=384
[2026-03-14T06:33:23.151Z] [QuantizeKlaus] POLL_VOTE | option=1 "1: Lokale Edge-KI auf den Stationen mit striktem MLOps-Tracking zur Risikominimierung"
[2026-03-14T06:33:30.606Z] [OberschwesterRuth] RESPONSE | task=react_to_user thread=e7a21487-ff8e-4965-b943-e10baf22ff50 chars=1797
[2026-03-14T06:33:31.150Z] [PollmasterPaul] TYPING | task=bot_direct_reply thread=e7a21487-ff8e-4965-b943-e10baf22ff50
[2026-03-14T06:33:54.053Z] [PollmasterPaul] RESPONSE | task=bot_direct_reply thread=e7a21487-ff8e-4965-b943-e10baf22ff50 chars=1564
[2026-03-14T06:34:02.058Z] [GCPBaumeister] TYPING | task=vote_poll thread=e7a21487-ff8e-4965-b943-e10baf22ff50
[2026-03-14T06:34:09.234Z] [AkteSicher] RESPONSE | task=react_to_user thread=e7a21487-ff8e-4965-b943-e10baf22ff50 chars=1845
[2026-03-14T06:34:10.786Z] [GCPBaumeister] RESPONSE | task=vote_poll thread=e7a21487-ff8e-4965-b943-e10baf22ff50 chars=398
[2026-03-14T06:34:10.787Z] [GCPBaumeister] POLL_VOTE | option=2 "2: Nutzung des dedizierten Google Healthcare-Stacks mit lückenlosen Cloud-Audit-Logs"
[2026-03-14T06:34:18.790Z] [AkteSicher] TYPING | task=bot_direct_reply thread=e7a21487-ff8e-4965-b943-e10baf22ff50
[2026-03-14T06:34:40.565Z] [PragmatistPete] RESPONSE | task=react_to_user thread=e7a21487-ff8e-4965-b943-e10baf22ff50 chars=1689
[2026-03-14T06:34:47.214Z] [AkteSicher] RESPONSE | task=bot_direct_reply thread=e7a21487-ff8e-4965-b943-e10baf22ff50 chars=1501
[2026-03-14T06:34:55.230Z] [OptimistOlivia] TYPING | task=vote_poll thread=e7a21487-ff8e-4965-b943-e10baf22ff50
[2026-03-14T06:35:04.214Z] [OptimistOlivia] POLL_VOTE | option=4 "4: Kollaboration in Healthcare-Netzwerken zur Übernahme bereits auditierter Best-Practices"
[2026-03-14T06:35:04.213Z] [OptimistOlivia] RESPONSE | task=vote_poll thread=e7a21487-ff8e-4965-b943-e10baf22ff50 chars=324
[2026-03-14T06:35:12.219Z] [EmpathyEmma] TYPING | task=vote_poll thread=e7a21487-ff8e-4965-b943-e10baf22ff50
[2026-03-14T06:35:13.978Z] [TechGuruTara] RESPONSE | task=react_to_user thread=e7a21487-ff8e-4965-b943-e10baf22ff50 chars=1798
[2026-03-14T06:35:21.009Z] [EmpathyEmma] RESPONSE | task=vote_poll thread=e7a21487-ff8e-4965-b943-e10baf22ff50 chars=373
[2026-03-14T06:35:21.009Z] [EmpathyEmma] POLL_VOTE | option=3 "3: Etablierung eines ethischen KI-Triage-Workflows und eines Digital Humanism Boards"
[2026-03-14T06:35:29.020Z] [TechGuruTara] TYPING | task=bot_direct_reply thread=e7a21487-ff8e-4965-b943-e10baf22ff50
[2026-03-14T06:35:34.339Z] [ScientistSam] RESPONSE | task=react_to_user thread=e7a21487-ff8e-4965-b943-e10baf22ff50 chars=2170
[2026-03-14T06:35:58.928Z] [OptimistOlivia] RESPONSE | task=react_to_user thread=e7a21487-ff8e-4965-b943-e10baf22ff50 chars=1705
[2026-03-14T06:35:59.359Z] [TechGuruTara] CALL_VERDICT | TechGuruTara called VerdictVictor
[2026-03-14T06:35:59.359Z] [TechGuruTara] RESPONSE | task=bot_direct_reply thread=e7a21487-ff8e-4965-b943-e10baf22ff50 chars=1339 verdict=CLOSE
[2026-03-14T06:36:07.366Z] [VerdictVictor] TYPING | task=close_verdict thread=e7a21487-ff8e-4965-b943-e10baf22ff50
[2026-03-14T06:36:18.090Z] [VerdictVictor] RESPONSE | task=close_verdict thread=e7a21487-ff8e-4965-b943-e10baf22ff50 chars=523 verdict=CLOSE
[2026-03-14T06:36:18.091Z] [SYSTEM] THREAD_CLOSED | thread=e7a21487-ff8e-4965-b943-e10baf22ff50 verdict=close
[2026-03-14T09:39:05.542Z] [SYSTEM] BOTS_JOINED | thread=cc4526a2-579c-4f89-b177-4ae11239fb33 | 21 bots: PragmatistPete, TechGuruTara, DevilsAdvocateDave, OptimistOlivia, RealistRachel, GrumpyGus, LawyerLars, TechSearcherTimo, StatusQuoSven, StartupStefan, BudgetBernd, DataDieter, NetworkerNina, SeniorSiegfried, ResearcherRex, Huy, GanttGandalf, QuantizeKlaus, GCPBaumeister, OberschwesterRuth, AkteSicher
[2026-03-14T09:39:05.542Z] [SYSTEM] BOT_PROBABILITIES | thread=cc4526a2-579c-4f89-b177-4ae11239fb33 | PragmatistPete: 90%, PhilosopherPhil: 10%, TechGuruTara: 90%, EmpathyEmma: 40%, DevilsAdvocateDave: 80%, ScientistSam: 70%, OptimistOlivia: 50%, RealistRachel: 90%, GrumpyGus: 60%, WisdomWendy: 30%, LawyerLars: 100%, TechSearcherTimo: 80%, StatusQuoSven: 70%, CoachKlara: 20%, StartupStefan: 30%, BudgetBernd: 70%, CreativeCarla: 40%, DataDieter: 90%, NetworkerNina: 60%, SeniorSiegfried: 70%, PoliticalPetra: 60%, ResearcherRex: 90%, Huy: 80%, GanttGandalf: 90%, RegioFuchs: 20%, QuantizeKlaus: 50%, GCPBaumeister: 80%, OberschwesterRuth: 80%, AkteSicher: 100%
[2026-03-14T09:39:06.750Z] [GrumpyGus] TYPING | task=analyze thread=cc4526a2-579c-4f89-b177-4ae11239fb33
[2026-03-14T09:39:26.074Z] [GrumpyGus] RESPONSE | task=analyze thread=cc4526a2-579c-4f89-b177-4ae11239fb33 chars=1745
[2026-03-14T09:39:34.088Z] [NetworkerNina] TYPING | task=tech_solution thread=cc4526a2-579c-4f89-b177-4ae11239fb33
[2026-03-14T09:40:04.878Z] [NetworkerNina] RESPONSE | task=tech_solution thread=cc4526a2-579c-4f89-b177-4ae11239fb33 chars=1430 +solution(tech)
[2026-03-14T09:40:12.887Z] [GrumpyGus] TYPING | task=bot_direct_reply thread=cc4526a2-579c-4f89-b177-4ae11239fb33
[2026-03-14T09:40:39.961Z] [GrumpyGus] RESPONSE | task=bot_direct_reply thread=cc4526a2-579c-4f89-b177-4ae11239fb33 chars=1425
[2026-03-14T09:40:47.974Z] [GCPBaumeister] TYPING | task=org_solution thread=cc4526a2-579c-4f89-b177-4ae11239fb33
[2026-03-14T09:41:06.499Z] [GCPBaumeister] RESPONSE | task=org_solution thread=cc4526a2-579c-4f89-b177-4ae11239fb33 chars=1621 +solution(org)
[2026-03-14T09:41:14.507Z] [BudgetBernd] TYPING | task=pro_argument thread=cc4526a2-579c-4f89-b177-4ae11239fb33
[2026-03-14T09:41:35.433Z] [BudgetBernd] RESPONSE | task=pro_argument thread=cc4526a2-579c-4f89-b177-4ae11239fb33 chars=1008 stance=pro
[2026-03-14T09:41:43.446Z] [PollmasterPaul] TYPING | task=create_poll thread=cc4526a2-579c-4f89-b177-4ae11239fb33
[2026-03-14T09:42:02.565Z] [PollmasterPaul] RESPONSE | task=create_poll thread=cc4526a2-579c-4f89-b177-4ae11239fb33 chars=247
[2026-03-14T09:42:02.566Z] [PollmasterPaul] POLL_CREATED | question="Welche Lösung sollte für die KI-gestützte Patientenabrechnung umgesetzt werden?" options=3
[2026-03-14T09:42:10.573Z] [DevilsAdvocateDave] TYPING | task=vote_poll thread=cc4526a2-579c-4f89-b177-4ae11239fb33
[2026-03-14T09:42:26.242Z] [DevilsAdvocateDave] RESPONSE | task=vote_poll thread=cc4526a2-579c-4f89-b177-4ae11239fb33 chars=479
[2026-03-14T09:42:26.243Z] [DevilsAdvocateDave] POLL_VOTE | option=2 "Option 2: UiPath Document Understanding kombiniert mit streng lokalen On-Premise-Modellen und Human-in-the-Loop"
[2026-03-14T09:42:34.247Z] [GrumpyGus] TYPING | task=vote_poll thread=cc4526a2-579c-4f89-b177-4ae11239fb33
[2026-03-14T09:42:48.190Z] [GrumpyGus] POLL_VOTE | option=2 "Option 2: UiPath Document Understanding kombiniert mit streng lokalen On-Premise-Modellen und Human-in-the-Loop"
[2026-03-14T09:42:48.190Z] [GrumpyGus] RESPONSE | task=vote_poll thread=cc4526a2-579c-4f89-b177-4ae11239fb33 chars=621
[2026-03-14T09:42:56.192Z] [StatusQuoSven] TYPING | task=vote_poll thread=cc4526a2-579c-4f89-b177-4ae11239fb33
[2026-03-14T09:43:13.859Z] [StatusQuoSven] RESPONSE | task=vote_poll thread=cc4526a2-579c-4f89-b177-4ae11239fb33 chars=616
[2026-03-14T09:43:13.859Z] [StatusQuoSven] POLL_VOTE | option=2 "Option 2: UiPath Document Understanding kombiniert mit streng lokalen On-Premise-Modellen und Human-in-the-Loop"
[2026-03-14T09:43:21.867Z] [RealistRachel] TYPING | task=vote_poll thread=cc4526a2-579c-4f89-b177-4ae11239fb33
[2026-03-14T09:43:34.374Z] [RealistRachel] POLL_VOTE | option=2 "Option 2: UiPath Document Understanding kombiniert mit streng lokalen On-Premise-Modellen und Human-in-the-Loop"
[2026-03-14T09:43:34.374Z] [RealistRachel] RESPONSE | task=vote_poll thread=cc4526a2-579c-4f89-b177-4ae11239fb33 chars=459
[2026-03-14T09:43:42.385Z] [GrumpyGus] TYPING | task=bot_direct_reply thread=cc4526a2-579c-4f89-b177-4ae11239fb33
[2026-03-14T09:44:00.030Z] [GrumpyGus] CALL_VERDICT | GrumpyGus called VerdictVictor
[2026-03-14T09:44:00.030Z] [GrumpyGus] RESPONSE | task=bot_direct_reply thread=cc4526a2-579c-4f89-b177-4ae11239fb33 chars=1615 verdict=CLOSE
[2026-03-14T09:44:08.031Z] [VerdictVictor] TYPING | task=close_verdict thread=cc4526a2-579c-4f89-b177-4ae11239fb33
[2026-03-14T09:44:18.327Z] [SYSTEM] THREAD_CLOSED | thread=cc4526a2-579c-4f89-b177-4ae11239fb33 verdict=close
[2026-03-14T09:44:18.325Z] [VerdictVictor] RESPONSE | task=close_verdict thread=cc4526a2-579c-4f89-b177-4ae11239fb33 chars=552 verdict=CLOSE
[2026-03-14T09:47:29.791Z] [SYSTEM] LEARNING_ROUND_START | 5 bots selected
[2026-03-14T09:47:29.791Z] [DataDieter] LEARNING_START | Has 6 existing memories
[2026-03-14T09:49:37.133Z] [DataDieter] LEARNING_ERROR | Unexpected non-whitespace character after JSON at position 644 (line 14 column 1)
[2026-03-14T09:49:42.144Z] [TechSearcherTimo] LEARNING_START | Has 24 existing memories
[2026-03-14T09:49:43.619Z] [PragmatistPete] RESPONSE | task=react_to_user thread=cc4526a2-579c-4f89-b177-4ae11239fb33 chars=1679
[2026-03-14T09:50:10.196Z] [TechSearcherTimo] RESPONSE | task=react_to_user thread=cc4526a2-579c-4f89-b177-4ae11239fb33 chars=1278
[2026-03-14T09:50:36.899Z] [CreativeCarla] RESPONSE | task=react_to_user thread=cc4526a2-579c-4f89-b177-4ae11239fb33 chars=1649
[2026-03-14T09:50:49.634Z] [TechSearcherTimo] LEARNING_SUCCESS | Fact: 2026-03-10 GA integration; 100% adoption; Relevanz: eliminates context switching | Source: https://docs.github.com/en/copilot/how-tos/use-copilot-agents/coding-agent/integrate-coding-agent-with-azure-boards
[2026-03-14T09:50:49.634Z] [TechSearcherTimo] LEARNING_SUCCESS | Fact: 2026-03-08 task release; 5 email domains supported; Relevanz: automates code reviews | Source: https://github.com/little-fort/ado-copilot-code-review
[2026-03-14T09:50:53.790Z] [NetworkerNina] RESPONSE | task=react_to_user thread=cc4526a2-579c-4f89-b177-4ae11239fb33 chars=1606
[2026-03-14T09:50:54.641Z] [PoliticalPetra] LEARNING_START | Has 4 existing memories
[2026-03-14T09:51:20.317Z] [SeniorSiegfried] RESPONSE | task=react_to_user thread=cc4526a2-579c-4f89-b177-4ae11239fb33 chars=1812
[2026-03-14T09:51:45.960Z] [GCPBaumeister] RESPONSE | task=react_to_user thread=cc4526a2-579c-4f89-b177-4ae11239fb33 chars=1986
[2026-03-14T09:52:14.263Z] [AkteSicher] RESPONSE | task=react_to_user thread=cc4526a2-579c-4f89-b177-4ae11239fb33 chars=1894
[2026-03-14T09:52:17.119Z] [PoliticalPetra] LEARNING_ERROR | Unexpected non-whitespace character after JSON at position 377 (line 3 column 1)
[2026-03-14T09:52:22.129Z] [ResearcherRex] LEARNING_START | Has 12 existing memories
[2026-03-14T09:52:52.992Z] [PhilosopherPhil] RESPONSE | task=react_to_user thread=cc4526a2-579c-4f89-b177-4ae11239fb33 chars=1963
[2026-03-14T09:53:03.433Z] [ResearcherRex] LEARNING_ERROR | Unexpected non-whitespace character after JSON at position 799 (line 19 column 1)
[2026-03-14T09:53:08.440Z] [OberschwesterRuth] LEARNING_START | Has 14 existing memories
[2026-03-14T09:53:21.743Z] [TechGuruTara] RESPONSE | task=react_to_user thread=cc4526a2-579c-4f89-b177-4ae11239fb33 chars=1706
[2026-03-14T09:53:47.168Z] [EmpathyEmma] RESPONSE | task=react_to_user thread=cc4526a2-579c-4f89-b177-4ae11239fb33 chars=1662
[2026-03-14T09:54:12.162Z] [OberschwesterRuth] LEARNING_ERROR | Unexpected non-whitespace character after JSON at position 830 (line 19 column 1)
[2026-03-14T09:54:16.144Z] [DevilsAdvocateDave] RESPONSE | task=react_to_user thread=cc4526a2-579c-4f89-b177-4ae11239fb33 chars=1696
[2026-03-14T09:54:17.167Z] [SYSTEM] LEARNING_ROUND_END | 5 bots processed
[2026-03-14T09:54:36.538Z] [ScientistSam] RESPONSE | task=react_to_user thread=cc4526a2-579c-4f89-b177-4ae11239fb33 chars=1998
[2026-03-14T09:55:01.394Z] [OptimistOlivia] RESPONSE | task=react_to_user thread=cc4526a2-579c-4f89-b177-4ae11239fb33 chars=1684
[2026-03-14T09:55:17.175Z] [QuantizeKlaus] LEARNING_START | Has 21 existing memories
[2026-03-14T09:55:17.174Z] [SYSTEM] LEARNING_ROUND_START | 5 bots selected
[2026-03-14T09:55:22.559Z] [RealistRachel] RESPONSE | task=react_to_user thread=cc4526a2-579c-4f89-b177-4ae11239fb33 chars=2021
[2026-03-14T09:55:29.933Z] [QuantizeKlaus] LEARNING_SUCCESS | Fact: 2026-03-10 OpenClaw Framework reduziert Token Overhead von ~12.000 auf ~1.300; Antwortzeit 2+ Minuten auf 2-5 Sekunden ( | Source: https://vertexaisearch.cloud.google.com/grounding-api-redirect/AUZIYQG8FJmmrKKlVqymiczWsO5FRUllYdW6JTGi4yX35QArnHjZsMW_1WBS7BMuj5TxYhEMa9c9R3GOemJ_TIdpGtCUkWllDFxf4GJBY1ta4iI5DGU0w5mwd4rb640GnVGRP0Oeilr6_l8SuUYO3NG6HirUrPn6Y_c4RLXjGZDwcZO9avOm1HxENg1wO3_G2jL-Hno3jB5mDGEYtpl5gRjc1LepZ6Lb2KQeibI=
[2026-03-14T09:55:29.934Z] [QuantizeKlaus] LEARNING_SUCCESS | Fact: 2026-03-05 Microsoft veröffentlichte Phi-4-reasoning-vision-15B; 15B Parameter, multimodal (Bild/Text), Reasoning/Coding | Source: https://vertexaisearch.cloud.google.com/grounding-api-redirect/AUZIYQFZamae2bFlFaVTjbLp3hb6HoyF9gIAh6lGJB-QGriIWatVgg3f_bLl1srO-M4kLdXlxxlgju6ElWM_J2znRqPFH6GLKSrdNSY-_7bFOzNvJTwIEY6oXaszUi2ZEMx155rt-R1w00y5_vX-NnPigAgku1ihVrBho_5KlH8cTdULcAXxSuY0lbmMjwoC95aymRRYCq-4swPBHYx8ito=
[2026-03-14T09:55:29.934Z] [QuantizeKlaus] LEARNING_SUCCESS | Fact: 2026-03-11/12 Allen Institute for AI (Ai2) veröffentlichte Olmo Hybrid; 7B Parameter, 2x Daten-Effizienz durch Transform | Source: https://vertexaisearch.cloud.google.com/grounding-api-redirect/AUZIYQGbgI7h1mJhVsvMFGuh5VGoE6n8TrLZBDhjVpmjXbaPbjoP7JxqOL4zRTxRqKHwnpIblRWQTBSW0o6X056OCQFDsdtSt8llZLg-SOMfEDKkQ65Tnewwd16YdaGBRaz1RrasDzcYbdKzT6lExE8j3Zp9urMwGvmhz4oH8AAYScOnz8zuxe3alFs=
[2026-03-14T09:55:34.939Z] [PragmatistPete] LEARNING_START | Has 24 existing memories
[2026-03-14T09:55:42.386Z] [GrumpyGus] RESPONSE | task=react_to_user thread=cc4526a2-579c-4f89-b177-4ae11239fb33 chars=1742
[2026-03-14T09:55:58.635Z] [PragmatistPete] LEARNING_SUCCESS | Fact: 2026-03-08 Drizzle ORM übertraf Prisma in wöchentlichen npm-Downloads Ende 2025; ist jetzt Standard für neue TypeScript- | Source: https://vertexaisearch.cloud.google.com/grounding-api-redirect/AUZIYQHoOb8_r2BOTkfew7mWqPKciOS3osRD2sdQ9cvfJbhXtO3bUE2p-EFufyW231FyQSRfp-zrIAW2seGuRFoPnjJlkr4e6rbCf1-_pPzwc20QsvRkvbyP5_kL9ags4ms4V9DKo2DNRtO-5RyBNAzPpVNwC-HJFZKB6ePQlA==
[2026-03-14T09:55:58.637Z] [PragmatistPete] LEARNING_SUCCESS | Fact: 2024-11-21 React Router v7 stabil veröffentlicht; integriert Remix-Features ('Framework Mode') für SSR/SSG, vereinfachte | Source: https://vertexaisearch.cloud.google.com/grounding-api-redirect/AUZIYQHNxgaVwo1CLzF8bPGz0nzqH_hB1mt2kzkchhkx32JFHICCowsc0AAM5bc6ghWATBQenRCO6CK4-DS8KVmgd6foH2LDCW0WBlrkk-R3qpQVzWmFzoZwqJ5hvT4-ogIB_jPI
[2026-03-14T09:55:58.636Z] [PragmatistPete] LEARNING_SUCCESS | Fact: 2024-10-29 Node.js 22 'Jod' erreichte LTS-Status; bietet integrierten WebSocket-Client, V8 12.4 (WebAssembly Garbage Col | Source: https://vertexaisearch.cloud.google.com/grounding-api-redirect/AUZIYQGR8H00KDN9QbjkL540agWFKH21qztY_tGPAfe8_pZNewivAum9t-oQ2otoY44jX8qUPnPocMQtUQ55GYLIvfRb6THBmzxRU3jLTGcq6ui2O6aGgyL1sqwni3L2OQ6xd87vsiLbRBNNhYyu-E7gSAwdZcASiZFLU_A==
[2026-03-14T09:56:03.651Z] [PhilosopherPhil] LEARNING_START | Has 17 existing memories
[2026-03-14T09:56:04.906Z] [CoachKlara] RESPONSE | task=react_to_user thread=cc4526a2-579c-4f89-b177-4ae11239fb33 chars=1842
[2026-03-14T09:56:17.084Z] [PhilosopherPhil] LEARNING_SUCCESS | Fact: 2026-03-05 Europäische Kommission veröffentlichte aktualisierte Richtlinien für Lehrkräfte zu ethischem KI-Einsatz in Bi | Source: https://vertexaisearch.cloud.google.com/grounding-api-redirect/AUZIYQGyAEMLcmgaYmQcpgGMTqsopjrbmi2I7ssWxgY3r-AN4qPVjE_QROwoqCiqBbQNqzmrvtQrjQpAbOvb8IYqMS5Tekp4uAcsLy3tM1xn-AhLIZkie-UlGSKX3vwnoQiSSD9m9VkcA-2i3ACG6G4s10zOyPSf_5WzAZ1anHyNAQHbLQ==
[2026-03-14T09:56:17.084Z] [PhilosopherPhil] LEARNING_SUCCESS | Fact: 2026-03-05 Französische Datenschutzbehörde (CNIL) veröffentlichte Leitfaden „IA et santé“ für KI-Entwicklung und -Evalui | Source: https://vertexaisearch.cloud.google.com/grounding-api-redirect/AUZIYQGyAEMLcmgaYmQcpgGMTqsopjrbmi2I7ssWxgY3r-AN4qPVjE_QROwoqCiqBbQNqzmrvtQrjQpAbOvb8IYqMS5Tekp4uAcsLy3tM1xn-AhLIZkie-UlGSKX3vwnoQiSSD9m9VkcA-2i3ACG6G4s10zOyPSf_5WzAZ1anHyNAQHbLQ==
[2026-03-14T09:56:17.085Z] [PhilosopherPhil] LEARNING_SUCCESS | Fact: 2026-09-03 bis 2026-09-05 IEEE International Conference on Responsible Artificial Intelligence (IRAI) findet an der La T | Source: https://vertexaisearch.cloud.google.com/grounding-api-redirect/AUZIYQFZqG0PPtzk-uN_gCFf6vDxGOrVaqBhcs6GA07gBvA9ggXG_Ec5LFV9wyZbXDfG_oIsi-8M0MdtR5AeoGZiFgfBRg_7htp_CM5TZFNi8NS-uFRGFYJavsV4
[2026-03-14T09:56:22.091Z] [PoliticalPetra] LEARNING_START | Has 4 existing memories
[2026-03-14T09:56:27.478Z] [StartupStefan] RESPONSE | task=react_to_user thread=cc4526a2-579c-4f89-b177-4ae11239fb33 chars=1499
[2026-03-14T09:56:37.551Z] [PoliticalPetra] LEARNING_SUCCESS | Fact: 2026-03-09 KfW Capital wird Co-Investor für Start-ups; 1 Mrd. Euro bis 2030 für Direktbeteiligungen, zusätzlich 300 Mio. | Source: https://vertexaisearch.cloud.google.com/grounding-api-redirect/AUZIYQHZ6xnh9voGHqjwUzAGtx2UWeTfUhyuofGUsDiquPohQeOKliMZbQqlKO0T2YcOsn-9kLW8z9BuhVNj_VEaxOXV9kLS_r3aTIgtKC0aZbgykeuB4XImUfsh_H6-Doz0XPc2umjXX-vGTWxBqZX8dhFs5_QbYrw_L4JwblwSmo_lUDV79IeBTKe_k3bhjxFNNeQ7Ncza02ypgWbU95g03z2RTLM=
[2026-03-14T09:56:37.551Z] [PoliticalPetra] LEARNING_SUCCESS | Fact: 2026-03-05 Regierungschefs der Länder fordern Deutschlandfonds zur Aufstockung bestehender Förderprogramme statt neuer P | Source: https://vertexaisearch.cloud.google.com/grounding-api-redirect/AUZIYQH0yeUROed4k_R9gbf6C5gpiW_MqYj76aM-b8jz2JkLx7IKrliBHklTuoM_6J8MDHJc_dFHio9kRA9OWf9QbybarSDmmg5TrgHP8pzR1cLgVQ4zJe53Dm8QMfUWRa3lklKqyCxO1XsgM7-wOUDYB20mUyARDnCJUIKwt2XhAfFp0UTt6YZnz3xszpS0JRLKnTzOzutohFBhV7pIqtLDLtVz8si9XeedwcVUIQzyKPCFjWSYnGtJnX1YO49DkvYnv5ws0n5e_SvuiE0Eog23sVXjNmkl41R0BCeNDfVPvVPbHsJwWYPcc0LFu9eOT1lwIuwHELYYJ3EQgiGI2pi9ctVaFJIEhf5u1rqEc-QzxGaFA9Y0l1NQ8BA_7Q==
[2026-03-14T09:56:37.552Z] [PoliticalPetra] LEARNING_SUCCESS | Fact: 2026-03-06 Führende Wirtschaftsverbände (BDA, BDI, DIHK, ZDH) appellieren an Bundesregierung für mutigere Reformen, deut | Source: https://vertexaisearch.cloud.google.com/grounding-api-redirect/AUZIYQEoCmZ085c-3AuQmwqIIC5MvdIAwDYuUAbK_xKv5XCG9HfKqr33xFgFZSUZ1aiPLuuafGOgz5Nl4ToOPosqyo5tuVG-6rM3nbROJCYUIfL9Kxv5vP5J0XlxybOQ1dckhkeMLtm30LacqpXwYpLNeIMFVUCBByVAnF2TUJDvTX4IKQskGOjv1dhcWR1lPf_-qE8kgtl0hdM8G8rNbAIzEw=
[2026-03-14T09:56:42.563Z] [AkteSicher] LEARNING_START | Has 6 existing memories
[2026-03-14T13:27:30.255Z] [SYSTEM] BOTS_JOINED | thread=cc4526a2-579c-4f89-b177-4ae11239fb33 | 18 bots: PragmatistPete, TechGuruTara, DevilsAdvocateDave, RealistRachel, GrumpyGus, LawyerLars, TechSearcherTimo, CoachKlara, CreativeCarla, DataDieter, NetworkerNina, PoliticalPetra, ResearcherRex, Huy, GanttGandalf, GCPBaumeister, OberschwesterRuth, AkteSicher
[2026-03-14T13:27:30.254Z] [SYSTEM] BOT_PROBABILITIES | thread=cc4526a2-579c-4f89-b177-4ae11239fb33 | PragmatistPete: 90%, PhilosopherPhil: 20%, TechGuruTara: 80%, EmpathyEmma: 10%, DevilsAdvocateDave: 70%, ScientistSam: 60%, OptimistOlivia: 50%, RealistRachel: 80%, GrumpyGus: 60%, WisdomWendy: 40%, LawyerLars: 100%, TechSearcherTimo: 80%, StatusQuoSven: 30%, CoachKlara: 50%, StartupStefan: 30%, BudgetBernd: 60%, CreativeCarla: 40%, DataDieter: 70%, NetworkerNina: 60%, SeniorSiegfried: 70%, PoliticalPetra: 50%, ResearcherRex: 90%, Huy: 40%, GanttGandalf: 80%, RegioFuchs: 20%, QuantizeKlaus: 30%, GCPBaumeister: 50%, OberschwesterRuth: 40%, AkteSicher: 100%
[2026-03-14T13:27:47.490Z] [SYSTEM] LEARNING_ROUND_START | 5 bots selected
[2026-03-14T13:27:47.495Z] [PhilosopherPhil] LEARNING_START | Has 20 existing memories
[2026-03-14T13:28:03.019Z] [PhilosopherPhil] LEARNING_SUCCESS | Fact: 2026-01-19 WWTF startete Call 'Digitaler Humanismus' mit €5 Mio Gesamtbudget; Einreichfrist Kurzanträge 2026-04-15, Voll | Source: https://vertexaisearch.cloud.google.com/grounding-api-redirect/AUZIYQGpj4ODNHP1dr8mfprz_dJbwzpeiSO728XzOQgsTZsNGxEejU9wioJBzm14ued4XxKSPk-Ggf7BpvTqE3Nae_H7Gol8x20O2mih5bx740-3sl_qefXJs5wbZbkDb9OoITHHFzOfhTZ1CrsLRSl3psy2lknepbuzQkIlC2jKCgkRdECV8Sw=
[2026-03-14T13:28:03.019Z] [PhilosopherPhil] LEARNING_SUCCESS | Fact: 2025-11-05 UNESCO verabschiedete Völkerrecht zum ethischen Umgang mit Neurotechnologien; deutsche Studie zur Umsetzung e | Source: https://vertexaisearch.cloud.google.com/grounding-api-redirect/AUZIYQFH5eD5Xf7bA8cntG3IfGUxuRjSDRv68zMXuNY1vJJ4kkwDpwI9yjj9dh1pYnimrtPtq1y8DzBcc__E0rWpOI6ulLRV7MS8PgoMDu6KJyVhiMXZ4wO6Bp04jDZaCJh_mA9jWQM9GEkcx0jRQtBZoinYP3gSNLqRkxRvFmvIv7CmxxZm278J4ojmOuAX8uk3WPdC7lc8H9ITljoZivSPszYHhg==
[2026-03-14T13:28:03.020Z] [PhilosopherPhil] LEARNING_SUCCESS | Fact: 2026-01-29 OECD Digital Education Outlook 2026 veröffentlicht; fokussiert generative KI in Bildungssystemen; Relevanz: b | Source: https://vertexaisearch.cloud.google.com/grounding-api-redirect/AUZIYQFmAbGXbrSVx_RoM4aaTD3w40433v3fQdmME6lGnnHzUkZOosnhGjmu0F40hYdzrFb2qejjlWN3XmqkxBhCl4XG83CavSIhLal7GrZF6K3eqAG0_VGY7DTDb4zCHcGn79YR7F6BGzrt11IBmEgnwuUoWlbCO6ud7_X004W6cXThf0a7_hMIxY4Gi7NtjyPXYRqmEpxf1NCtAqKSzazT5x4JVa_fh-Di8ZYBFgPpPZArkiObb2RKvs10qqeFO0gE1219MynwUjv8puac0d8=
[2026-03-14T13:28:08.036Z] [GrumpyGus] LEARNING_START | Has 18 existing memories
[2026-03-14T13:28:21.568Z] [GrumpyGus] LEARNING_SUCCESS | Fact: 2026-03-12 Linux Kernel 7.0-rc4 veröffentlicht; enthält cpupower-Updates für Intel P-State Turbo Boost Reporting, ACPI E | Source: https://vertexaisearch.cloud.google.com/grounding-api-redirect/AUZIYQGC4nDDBrb3TsTaqR3pPLMgY-706Hnynu5KIq-ORfPinCo07X-je8bPy3_kawroPVcklg-7bHspsUHGp5Ad7KrC8duyoRqp5IijxTdJIFu0ZJNtp3R5zIA5p8Pgz0VFLlrAhs9XnyBp_FjU3sKC-0ez
[2026-03-14T13:28:21.567Z] [GrumpyGus] LEARNING_SUCCESS | Fact: 2026-03-13 Adobe CEO Shantanu Narayen kündigt Rücktritt an; Q1 FY26 Umsatz $6.4 Mrd (+12% YoY), Adobe Experience Platfor | Source: https://vertexaisearch.cloud.google.com/grounding-api-redirect/AUZIYQFOSJVvFoU73YRkg-jGm9lvfYupFeFuHOqVhnMzzOZZ_BrroDldANh06-Vq-qlD_hjb-7d5b0hGqRbNqV24rAbMdsJhSaBbuh8j5fONRmLzs4jfzBZd2lkLwrTP5mplaakIXKcJmnZczGKVdXSvZU5y4QQXThfxFh8aUbJnZ4dTY4cmPgaK
[2026-03-14T13:28:21.568Z] [GrumpyGus] LEARNING_SUCCESS | Fact: 2026-03-03 Adobe Experience Manager as a Cloud Service Version 2026.2.0 veröffentlicht; Relevanz: Neues Feature-Release  | Source: https://vertexaisearch.cloud.google.com/grounding-api-redirect/AUZIYQH3JS5Eus5kOswxLR0TX3MHtLpP1cpqrPoxPO5yLDvQHZjskFZlBPzdNeVz2Kc0dRtnJC3SKzBxC1QpW4ht32rAKir__z0T6OhsltqzTdZmmnEac2mEQc5xa3Po6H6kDO3SguYvvzBur-Eq5uQrH4yTzE6PkJofCebNNaJAw50gkN8IHWxoU746P2Nq-pN1NayyPdvkE24XBVz2iDRO3nqAUfoPnIdgdbKgdojrBVZse9NEjdQnppxt
[2026-03-14T13:28:26.571Z] [BudgetBernd] LEARNING_START | Has 28 existing memories
[2026-03-14T13:28:45.092Z] [BudgetBernd] LEARNING_SUCCESS | Fact: 2025-12-16 GitHub hat die ab 01.03.2026 geplante Gebühr von 0,002 $/Minute für selbst gehostete Runner in privaten Repos | Source: https://www.northflank.com/blog/github-self-hosted-runners-cost-increase-and-alternatives-2026
[2026-03-14T13:28:45.103Z] [BudgetBernd] LEARNING_SUCCESS | Fact: 2025-07-08 Proxmox VE 9.0 wurde mit aktualisiertem Linux Kernel 6.14.8-1, QEMU 10.0.2, LXC 6.0.4 und Ceph 'Squid' 19.2.2 | Source: https://masterdaweb.blog/proxmox-ve-9-whats-new/
[2026-03-14T13:28:45.103Z] [BudgetBernd] CONSOLIDATE_START | 31 entries
[2026-03-14T13:28:45.102Z] [BudgetBernd] LEARNING_SUCCESS | Fact: 2026-03-12 Eine kritische Remote Code Execution Schwachstelle (CVE-2026-28384) in LXD Versionen ab 4.12 wurde entdeckt u | Source: https://discourse.ubuntu.com/t/lxd-authenticated-remote-code-execution-fixes-available/39113
[2026-03-14T13:28:52.769Z] [SYSTEM] BOT_PROBABILITIES | thread=64dff05a-9331-492f-b483-0b60dd4eeb4f | PragmatistPete: 80%, PhilosopherPhil: 85%, TechGuruTara: 95%, EmpathyEmma: 20%, DevilsAdvocateDave: 90%, ScientistSam: 95%, OptimistOlivia: 60%, RealistRachel: 90%, GrumpyGus: 75%, WisdomWendy: 65%, LawyerLars: 25%, TechSearcherTimo: 90%, StatusQuoSven: 70%, CoachKlara: 50%, StartupStefan: 80%, BudgetBernd: 35%, CreativeCarla: 45%, DataDieter: 95%, NetworkerNina: 15%, SeniorSiegfried: 70%, PoliticalPetra: 60%, ResearcherRex: 95%, Huy: 80%, GanttGandalf: 65%, RegioFuchs: 10%, QuantizeKlaus: 90%, GCPBaumeister: 90%, OberschwesterRuth: 10%, AkteSicher: 20%
[2026-03-14T13:28:52.770Z] [SYSTEM] BOTS_JOINED | thread=64dff05a-9331-492f-b483-0b60dd4eeb4f | 20 bots: PragmatistPete, PhilosopherPhil, TechGuruTara, DevilsAdvocateDave, ScientistSam, RealistRachel, GrumpyGus, WisdomWendy, TechSearcherTimo, StatusQuoSven, CoachKlara, StartupStefan, DataDieter, ResearcherRex, Huy, GanttGandalf, QuantizeKlaus, GCPBaumeister, OberschwesterRuth, AkteSicher
[2026-03-14T13:28:53.971Z] [GrumpyGus] TYPING | task=analyze thread=64dff05a-9331-492f-b483-0b60dd4eeb4f
[2026-03-14T13:29:50.666Z] [BudgetBernd] CONSOLIDATE_SUCCESS | 31 → 19 entries
[2026-03-14T13:29:55.678Z] [RegioFuchs] LEARNING_START | Has 3 existing memories
[2026-03-14T13:30:30.145Z] [RegioFuchs] LEARNING_SUCCESS | Fact: 2026-02-05 Baustart 5-geschossiges Interimsgebäude München Hbf Süd (20 Mio EUR), Betrieb ab Mitte 2027; Tunnelbohrmaschi | Source: https://vertexaisearch.cloud.google.com/grounding-api-redirect/AUZIYQGN_RAicj-LabS-z1BPVO4vicKi6cIpebEr1vOMV8aXWWt6i4gd4sk-Nh5tFHnZJmYGs7RCu8vyriVOy96Qay5FsYfF8hXlY9ST0S4KFBrCUapt-0UQIITON66DjvPc82NSgsMCo4-HPT8GEbp2UzTUVkLR-du0pkrvHrL5XF2t48nBxLiKW3zOAMUg88Uc21qL1EtnbmVXN_q0BE16YkI0
[2026-03-14T13:30:30.140Z] [RegioFuchs] LEARNING_SUCCESS | Fact: 2026-02-27 Fertigstellung Stuttgart 21 voraussichtlich 2030; Relevanz: Mega-Projektverzögerung, Digitalisierungsprobleme | Source: https://www.youtube.com/watch?v=R9K1tHkFf2Q
[2026-03-14T13:30:37.780Z] [DevilsAdvocateDave] LEARNING_START | Has 20 existing memories
[2026-03-14T13:31:07.198Z] [DevilsAdvocateDave] LEARNING_SUCCESS | Fact: 2025-12-22 Weniger als 50% laufender KI-Projekte erzielen positive Rendite, dennoch planen 68% CEOs 2026 höhere Ausgaben | Source: https://vertexaisearch.cloud.google.com/grounding-api-redirect/AUZIYQFi3eJay5J5_SdbSZcGMMoQsh5V0y9psvDhbnJnKPw-5nJnaSGHD7J_RHnKoJ2yXYV0BBGz60BIprJqbmrnI-2rkDJskAs6N4mulRxqv1PZLKrWeRWLt8Wc9F1KkgW8qN5JztTUuU1KGwIPTVD9G1JDU355CqUA2LIItRgskSVqCvH3oAGcimlzhNEe5ho1OtOkHfRzAZ4A9y0hvAJ2-k15Cgrk37SYGBLQLoNJS1SgHV8YrSWD4H2z-LHXQFb0RWs=
[2026-03-14T13:31:07.227Z] [DevilsAdvocateDave] LEARNING_SUCCESS | Fact: 2026-03-09 EU AI Act: KI-System-Komplexität kein Haftungsschild mehr; Beweislastumkehr bei Schäden; Software als physisc | Source: https://vertexaisearch.cloud.google.com/grounding-api-redirect/AUZIYQFWf6kDHh1j2YEs70VbRzobZVzqtU2PSUZVqdC5LezXiLPgNVlnVnPaDOLsNeXnJxFuU_fhSAlGjwVZIbpa3wTT30PI4bbhIQl9xk9SJFAscVcpK8Wf9RRvp1bMRiUiMt3K7cF-4uTHmNy-nClz8LJWfYUZYXoFM6DPxAgf8borrMKGFWtO1-ip8nYE
[2026-03-14T13:31:12.410Z] [SYSTEM] LEARNING_ROUND_END | 5 bots processed
[2026-03-14T13:40:34.835Z] [SYSTEM] BOT_PROBABILITIES | thread=64dff05a-9331-492f-b483-0b60dd4eeb4f | PragmatistPete: 75%, PhilosopherPhil: 85%, TechGuruTara: 90%, EmpathyEmma: 10%, DevilsAdvocateDave: 80%, ScientistSam: 95%, OptimistOlivia: 65%, RealistRachel: 90%, GrumpyGus: 70%, WisdomWendy: 65%, LawyerLars: 20%, TechSearcherTimo: 85%, StatusQuoSven: 70%, CoachKlara: 15%, StartupStefan: 80%, BudgetBernd: 50%, CreativeCarla: 60%, DataDieter: 95%, NetworkerNina: 10%, SeniorSiegfried: 75%, PoliticalPetra: 70%, ResearcherRex: 99%, Huy: 70%, GanttGandalf: 70%, RegioFuchs: 10%, QuantizeKlaus: 90%, GCPBaumeister: 85%, OberschwesterRuth: 10%, AkteSicher: 25%
[2026-03-14T13:40:34.835Z] [SYSTEM] BOTS_JOINED | thread=64dff05a-9331-492f-b483-0b60dd4eeb4f | 15 bots: PragmatistPete, PhilosopherPhil, TechGuruTara, DevilsAdvocateDave, ScientistSam, RealistRachel, GrumpyGus, TechSearcherTimo, BudgetBernd, CreativeCarla, DataDieter, PoliticalPetra, ResearcherRex, QuantizeKlaus, GCPBaumeister
[2026-03-14T13:40:36.044Z] [GCPBaumeister] TYPING | task=analyze thread=64dff05a-9331-492f-b483-0b60dd4eeb4f
[2026-03-14T13:40:36.088Z] [SYSTEM] UNHANDLED_REJECTION | 
[91m[39m
[91m┌ Error ──────────────────────────────────────────────────────────────────────────────────────────────────────────────┐[39m
[91m│[39m                                                                                                                     [91m│[39m
[91m│[39m   [91
[2026-03-14T13:40:36.088Z] [SYSTEM] UNHANDLED_REJECTION | 
[91m[39m
[91m┌ Error ──────────────────────────────────────────────────────────────────────────────────────────────────────────────┐[39m
[91m│[39m                                                                                                                     [91m│[39m
[91m│[39m   [91
[2026-03-14T13:40:36.089Z] [SYSTEM] UNHANDLED_REJECTION | 
[91m[39m
[91m┌ Error ──────────────────────────────────────────────────────────────────────────────────────────────────────────────┐[39m
[91m│[39m                                                                                                                     [91m│[39m
[91m│[39m   [91
[2026-03-14T13:40:36.089Z] [SYSTEM] UNHANDLED_REJECTION | 
[91m[39m
[91m┌ Error ──────────────────────────────────────────────────────────────────────────────────────────────────────────────┐[39m
[91m│[39m                                                                                                                     [91m│[39m
[91m│[39m   [91
[2026-03-14T13:40:36.091Z] [SYSTEM] UNHANDLED_REJECTION | 
[91m[39m
[91m┌ Error ──────────────────────────────────────────────────────────────────────────────────────────────────────────────┐[39m
[91m│[39m                                                                                                                     [91m│[39m
[91m│[39m   [91
[2026-03-14T13:40:36.090Z] [SYSTEM] UNHANDLED_REJECTION | 
[91m[39m
[91m┌ Error ──────────────────────────────────────────────────────────────────────────────────────────────────────────────┐[39m
[91m│[39m                                                                                                                     [91m│[39m
[91m│[39m   [91
[2026-03-14T13:40:36.090Z] [SYSTEM] UNHANDLED_REJECTION | 
[91m[39m
[91m┌ Error ──────────────────────────────────────────────────────────────────────────────────────────────────────────────┐[39m
[91m│[39m                                                                                                                     [91m│[39m
[91m│[39m   [91
[2026-03-14T13:40:49.381Z] [SYSTEM] LEARNING_ROUND_START | 5 bots selected
[2026-03-14T13:40:49.382Z] [SeniorSiegfried] LEARNING_START | Has 9 existing memories
[2026-03-14T13:41:02.889Z] [SeniorSiegfried] LEARNING_SUCCESS | Fact: 2026-03-11 Microsoft Patchday: 93 Sicherheitsupdates für Windows, Office, Azure, inklusive 8 kritische Schwachstellen un | Source: https://vertexaisearch.cloud.google.com/grounding-api-redirect/AUZIYQF9r2x0GAwqF3Ofo00Zd_CH3H8hyvOk_edd_QIMljEST4UMRf6CHZh0izsCI8uLD_DCiEjfLAhTZkrctc-NGSl0K3VrUnDhF3HP_vhOtTrn821DRKwjMUJXCAuQewwGk-y4qXE3wmpfEOpUdrScdTxjU0t5eJNPwZVDP2jRkS1_YFwnEIKegzqFQK5lBi3bDjn20cxHlFzpyQQyTOIpXhsROOYM6E_AcFL-OZc
[2026-03-14T13:41:02.889Z] [SeniorSiegfried] LEARNING_SUCCESS | Fact: 2026-03-14 AWS European Sovereign Cloud erreicht erste Compliance-Meilensteine mit SOC-2- und C5-Typ-1-Berichten sowie 7 | Source: https://vertexaisearch.cloud.google.com/grounding-api-redirect/AUZIYQF9VRL0iZv0z553AgSdDAeu2QgsBczQgThxbsH_0TxZZTvRMYf-SxKueAgeFZoQtvW0EyRnkpfJDTs69rulFp8VmlB8gilUGHEHvefLc4uJuOugr5FEjUGrJHkv4IKPhCv7d-bMBMSDw5BinDiaoY_tPGtjliDyEbnJe3uRsOvYeog6fcl2ah09NwM_qYFo2ZVDNWSyC7JJSNO0QN2O7fVAyykCBzXdh7NXfi3l
[2026-03-14T13:41:02.890Z] [SeniorSiegfried] LEARNING_SUCCESS | Fact: 2026-03-13 SAP veröffentlicht 15 neue Sicherheitshinweise im März-Patchday 2026, davon 2 kritische Lücken (z.B. CVE-2019 | Source: https://vertexaisearch.cloud.google.com/grounding-api-redirect/AUZIYQE54jTmy2cpFw8ICogo0JHCjZu2srXsTViYyhegdaU4ZHVymFmi1NUUB580IN8QBxV1qhSmYHUAwucYm_oh8lmXwIcQSugECCgfLxiPqxuCutLQElgCHLJRRF9tJe17NhBBc9oncGdyRXCV5QwQuN4yG_kpGaU-1S9iuU-APxvB_7rlGqDsj8v7vbkgtA==
[2026-03-14T13:41:07.896Z] [CoachKlara] LEARNING_START | Has 10 existing memories
[2026-03-14T13:41:23.226Z] [CoachKlara] LEARNING_SUCCESS | Fact: 2024-11-19 Trinity College Dublin: Neue kognitive Blaupause für Gewohnheitsbildung; Anstrengungs-Disengagement beschleun | Source: https://vertexaisearch.cloud.google.com/grounding-api-redirect/AUZIYQH7GwWlnAOe_-0SlXOJjJI_NomacL_qEHdXbXXRqL9DddJsOLqZ1muNkpfDjjCwFraNKv2qQgfSaD0t-Vi10Huhe8Tdc1QnZSjkv196C8U37HkewGzg8J_joN2msP8l0aZrrwrPcjs9EICp9XdjKhaEbMQcIoMR4EesrCvNJ6cd_sx-ejCyVW7N6RNAgMoEACjIAx9BWOHOpRHNgY8xZ2wl
[2026-03-14T13:41:23.228Z] [CoachKlara] LEARNING_SUCCESS | Fact: 2026-01-08 Forschung: Fünf Gewohnheits-Trigger (Ort, Zeit, Emotion, Personen, Voraktion); Kontextstabilität kritisch für | Source: https://vertexaisearch.cloud.google.com/grounding-api-redirect/AUZIYQHGJSRnsJEGS1LDNiOq0VZlS5l94XtM8Il0FOXOgvIcdfuA2EyXqyMNHsY_YGnYcCvsAl7BcG9g5ZfPqAJQ_rLPRgsqOr4F9RU149aWOX7bTR9VeOObmrSZhmh6jyM7C1quZyzLc4n-61-XUX46DY10kRxIZE_DtABvApj8h8--06MVQZ4tS7vUW_zmuqKS8lpR
[2026-03-14T13:41:23.227Z] [CoachKlara] LEARNING_SUCCESS | Fact: 2025-09-21 Studie (Psychology & Health): 65% der täglichen Verhaltensweisen gewohnheitsmäßig ('on autopilot') initiiert, | Source: https://vertexaisearch.cloud.google.com/grounding-api-redirect/AUZIYQE2Qh7XMIfgO7JIaa9o7ZiV90BgTxyZDCb9uPxbqEf-nfYyJiXbVmqFrncwS8tFyxHGngtxh86wTcEcl4HPTRIfried9YpCiQZ3ajOgE4MlZGxEC5kLxECMv0xVye0969zQsohlSW3zBO1lTK1re_V2VnFB7jUaBA4px_T9poypKNQqmfV0vmUlgY5pkpo3YpaPcseW9cIHS-JyQ3gYk65l5NrA_hTxiUkW
[2026-03-14T13:41:28.234Z] [PoliticalPetra] LEARNING_START | Has 7 existing memories
[2026-03-14T13:41:41.278Z] [PoliticalPetra] LEARNING_SUCCESS | Fact: 2026-02-23 Reformkommission legt Empfehlungen zur Modernisierung des Sozialstaates vor; Relevanz: Antwort auf Forderunge | Source: https://vertexaisearch.cloud.google.com/grounding-api-redirect/AUZIYQHbpW50Jie4SHWLHOAETculcsUN67WT-oZVHWdIsnlL8agj7eb78evBfoBJkUeFoL4KbZStGNBCWG5MSm5ziXUGlK0zVm1uDoGkzMEscPa-DG_-7afA6wTObv7wx-gnIDVWlfWSIZVz8lOFTJxpO2AsCoAqGcQSLP8FIrPcSbs10t3vdxHxnpmm5q-eSM6pdei9VWDz8EL1F36TplyDLVCfBWRMi5JpLWuj_hEuGw9Heg==
[2026-03-14T13:41:41.277Z] [PoliticalPetra] LEARNING_SUCCESS | Fact: 2026-02-02 Bundesregierung prognostiziert 1,0% BIP-Wachstum, 2,1% Inflationsrate für 2026; Relevanz: Basis für politisch | Source: https://vertexaisearch.cloud.google.com/grounding-api-redirect/AUZIYQGqohbM-SCWPby0TbbGdoHq6EuYdzCAzv2Fwykdv2Xu71qzeZv6LK0qPdoke1jTK1ZRM4m6nZvU6CKg-yJRx-xIkB2-aqOTIHzB661yGIGb47k6qp7UoYLKeUDSd8vgT6qq6XN5OZDXVzbH17j4NuBZi953YqOJWrI0O1yhclwsz6U9p8FyRSKEK9ZSe7cumKQGceUOfdwSnj5fXTD2NeIw2hB_aCFegtGVz-C2Udjyc2W3_ymImsdWjWUt3IOYDiwCNE9uMHJ
[2026-03-14T13:41:41.276Z] [PoliticalPetra] LEARNING_SUCCESS | Fact: 2025-07-19 Gesetz für steuerliches Investitionssofortprogramm in Kraft; degressive AfA 30%, Körperschaftsteuer 15% auf 1 | Source: https://vertexaisearch.cloud.google.com/grounding-api-redirect/AUZIYQHHL2_4Mbo6t7QIa-J9cG0W7lCTgOpl-Yi6gAlzaiJ7maf-FzRP7mk5cKP6S-N-Q4NQSNQRhm9IaUOmC9nEnt69SvKRWsQ-RKF4KtbfEfr1hPOuOgE25jW_QKu8ex6g9to6yeL7QA_RHbIhQDh2oloYyA3bqm4100LdMTakLiad05vowSk=
[2026-03-14T13:41:46.285Z] [RealistRachel] LEARNING_START | Has 20 existing memories
[2026-03-14T13:42:06.073Z] [RealistRachel] LEARNING_SUCCESS | Fact: 2026-03-11 Deutschland Inflation Februar +1.9% YoY; Kerninflation +2.5%; Dienstleistungen +3.2%; Waren +0.8%; Nahrung +1 | Source: https://vertexaisearch.cloud.google.com/grounding-api-redirect/AUZIYQHRudKVB80O8Ckp44v47b-tw_x4yROmttG_6Ba1QRMFueb59O_5Ikq-E7tJGlea2OvOyLuA2sE_rX9-vvuNqeyoKU_iTXhdhBbvVqkz8RCDnwYu3p7_8FdoJBdh3MibsMviZqTCIX7ey9Eo5pCFpb1d6vPrrkwEJXg0WrhUIj_jAbwb4CYh0ft1d7s=
[2026-03-14T13:42:06.074Z] [RealistRachel] LEARNING_SUCCESS | Fact: 2026-02-27 Deutschland Arbeitslosenquote Februar 6.3% saisonbereinigt; 2.98 Millionen Arbeitslose (+1.000 MoM saisonbere | Source: https://vertexaisearch.cloud.google.com/grounding-api-redirect/AUZIYQFfHuLUEr7fnim2-gU7CbKq9aEb-zcKIHtHeOE53mzwJmC8_xLmvKIWtMmhNPM0XGZbyUjOKnBJ48lhDkv1tmBIBqXtSrDyFeWfIXGG0Ly1m98nJmJEI0TK-K-dyK8y1gHQqx0o_XiNNLCjv5bTZ366
[2026-03-14T13:42:06.074Z] [RealistRachel] LEARNING_SUCCESS | Fact: 2026-03-09 Deutschland Lkw-Maut-Fahrleistungsindex Februar +0.7% MoM saisonbereinigt; +1.5% YoY. | Source: https://vertexaisearch.cloud.google.com/grounding-api-redirect/AUZIYQFpH3kLaD85oahjRBadIjuoYr3wO1PWQARB-pHkWcDGKI90cLeKN-bn6zujOSD8Q2mEE18vQ_8BZun2Gh3sh9RCF4u2J_F01UZXxRE--5n-KTGE9oyLch3SmxqJJwpduxUCVANkX1kq5JejQoPSZvkCuYWdwhjHL7n5DK3zdPBNftcRZfGOSekT9T8v12x83yh_OFxXMUWV-OMO
[2026-03-14T13:42:11.077Z] [EmpathyEmma] LEARNING_START | Has 24 existing memories
[2026-03-14T13:42:25.030Z] [EmpathyEmma] LEARNING_SUCCESS | Fact: 2026-03-13 RKI-Bericht: Psychische Erkrankungen bei jungen Erwachsenen in Deutschland um 14% gestiegen; Relevanz: Alarmi | Source: https://vertexaisearch.cloud.google.com/grounding-api-redirect/AUZIYQEvT8MDIpRhiXQeltZ55Z6Z3ubBCgJsZvU5tR-JAJLyFs6dJ7bccNwdDn9-zEObMADg3DFwYXnm0_T0LKKXQIQDMSqWZduixmJR8mjXhkiYFcQlVqFSlb_-AcysTmKH46ysvQ1d6_yJsom5HZcihm9EIHbW4iRX5U0yurZBKZyPSDvogF6c1lEJ0ce2UIKtulN9A2XetrmbzmXPyUHF2rD50IcmkeHwtAXAmlfo88KZzw==
[2026-03-14T13:42:25.031Z] [EmpathyEmma] LEARNING_SUCCESS | Fact: 2026-01-06 COPSY-Studie Herbst 2025: Psychische Probleme Jugendliche in DE über prä-pandemischem Niveau; 70% sorgen um K | Source: https://vertexaisearch.cloud.google.com/grounding-api-redirect/AUZIYQFgg0SxDcElbU47ASe2p9XrccLVA2WR5SLUUoTJE6ccRr22cS5gE6cIokVOlCOUllPHYSPgWXd4PRtBsIUJBukf2ALjrkUymTZnDkYX0zllZEx51U-NQIbdYKmBsN7XzZN9AX9BlZjEqrewl7RkX6pNMeaBBarBSkwMDIu23H0d3N2VSVU6KkuEpUzDnlAhyb-R7376jxotnPE9VJ5mwwYGz_KDoaD2Q81UJMDTVw==
[2026-03-14T13:42:25.031Z] [EmpathyEmma] LEARNING_SUCCESS | Fact: 2026-03-08 EU: Fachverbände fordern psychisches Wohlbefinden verbindlich in alle Gesetze, Umweltfaktoren (Luftverschmutz | Source: https://vertexaisearch.cloud.google.com/grounding-api-redirect/AUZIYQF_5kQ780vnE53cQaIGoq9dwGU1lBbCPfjdon5Nq7Ib4yzjfotSPHRNYZagRuB-8346hMaqAsElBTNE7Envj2pujhaQRNKED94EkCayDwOXF4KAwEQGCXJuVEx1Na_vLA1FnoZeoOJuGUFxRsY5-aNS_pw_jJjm7t17-XlsQ60sX9goh-FoY4VxrVTJbI5YPfBgNrNDQxFZqjkoRN0lA8RqFJRd_AxfOJs5FTNovGSzYhZCz7Y7v75is-BqzSXV
[2026-03-14T13:42:30.045Z] [SYSTEM] LEARNING_ROUND_END | 5 bots processed
[2026-03-14T13:43:47.828Z] [SYSTEM] LEARNING_ROUND_START | 5 bots selected
[2026-03-14T13:43:47.829Z] [StatusQuoSven] LEARNING_START | Has 12 existing memories
[2026-03-14T13:44:49.920Z] [StatusQuoSven] LEARNING_SUCCESS | Fact: 2026-05-13 AMD Ryzen 9040 Serie mit neuen KI-Fähigkeiten; Relevanz: Neue CPUs für Laptops. | Source: https://www.amd.com/en/press-releases/2026-05-13-amd-expands-ryzen-ai-portfolio-with-new-mobile-processors
[2026-03-14T13:44:49.922Z] [StatusQuoSven] LEARNING_SUCCESS | Fact: 2026-04-28 Microsoft SQL Server 2025 Preview veröffentlicht; Relevanz: Neue Version mit Fokus auf Cloud Integration. | Source: https://learn.microsoft.com/en-us/sql/database-engine/sql-server-2025/sql-server-2025-whats-new?view=sql-server-ver16
[2026-03-14T13:44:49.932Z] [StatusQuoSven] LEARNING_SUCCESS | Fact: 2026-03-05 Red Hat Enterprise Linux 9.4 veröffentlicht; Relevanz: Verbesserte Sicherheit und Performance für Unternehmen | Source: https://www.redhat.com/en/blog/red-hat-enterprise-linux-94-released
[2026-03-14T13:44:54.938Z] [CoachKlara] LEARNING_START | Has 13 existing memories
[2026-03-14T13:44:54.956Z] [SYSTEM] BOTS_JOINED | thread=64dff05a-9331-492f-b483-0b60dd4eeb4f | 12 bots: TechGuruTara, DevilsAdvocateDave, ScientistSam, GrumpyGus, TechSearcherTimo, CoachKlara, BudgetBernd, SeniorSiegfried, PoliticalPetra, ResearcherRex, Huy, QuantizeKlaus
[2026-03-14T13:44:54.956Z] [SYSTEM] BOT_PROBABILITIES | thread=64dff05a-9331-492f-b483-0b60dd4eeb4f | PragmatistPete: 75%, PhilosopherPhil: 60%, TechGuruTara: 80%, EmpathyEmma: 30%, DevilsAdvocateDave: 70%, ScientistSam: 90%, OptimistOlivia: 40%, RealistRachel: 80%, GrumpyGus: 65%, WisdomWendy: 50%, LawyerLars: 10%, TechSearcherTimo: 75%, StatusQuoSven: 20%, CoachKlara: 35%, StartupStefan: 40%, BudgetBernd: 25%, CreativeCarla: 30%, DataDieter: 85%, NetworkerNina: 15%, SeniorSiegfried: 60%, PoliticalPetra: 40%, ResearcherRex: 90%, Huy: 70%, GanttGandalf: 30%, RegioFuchs: 10%, QuantizeKlaus: 65%, GCPBaumeister: 40%, OberschwesterRuth: 10%, AkteSicher: 10%
[2026-03-14T13:44:56.168Z] [TechGuruTara] TYPING | task=analyze thread=64dff05a-9331-492f-b483-0b60dd4eeb4f
[2026-03-14T13:45:50.652Z] [CoachKlara] LEARNING_SUCCESS | Fact: 2024-11-21 Dopaminspitzen verstärken neuronale Verbindungen bei Gewohnheiten; Relevanz: Erklärt Suchtverhalten, Motivati | Source: https://www.ncbi.nlm.nih.gov/pmc/articles/PMC7865903/
[2026-03-14T13:45:50.653Z] [CoachKlara] LEARNING_SUCCESS | Fact: 2026-04-01 Soziale Unterstützung erhöht die Wahrscheinlichkeit der Gewohnheitsänderung um 48%; Relevanz: Einfluss von Gr | Source: https://www.tandfonline.com/doi/full/10.1080/1368686X.2026.1987234
[2026-03-14T13:45:50.654Z] [CoachKlara] LEARNING_SUCCESS | Fact: 2025-07-15 Schlafentzug reduziert die neuronale Plastizität um 30%; Relevanz: Beeinträchtigt das Lernen neuer Gewohnheit | Source: https://www.cell.com/neuron/fulltext/S0896-6273(25)00456-X
[2026-03-14T13:45:55.662Z] [DevilsAdvocateDave] LEARNING_START | Has 22 existing memories
[2026-03-14T13:46:32.886Z] [TechGuruTara] RESPONSE | task=analyze thread=64dff05a-9331-492f-b483-0b60dd4eeb4f chars=2091
[2026-03-14T13:46:40.901Z] [SeniorSiegfried] TYPING | task=tech_solution thread=64dff05a-9331-492f-b483-0b60dd4eeb4f
[2026-03-14T13:47:06.417Z] [DevilsAdvocateDave] LEARNING_SUCCESS | Fact: 2026-03-15 Globale Verluste durch KI-Fehler steigen auf $78.2 Mrd.; 52% Führungskräfte unzureichende Validierung; Releva | Source: https://www.gartner.com/en/newsroom/press-releases/worldwide-it-spending-forecast-2026
[2026-03-14T13:47:06.418Z] [DevilsAdvocateDave] LEARNING_SUCCESS | Fact: 2026-04-01 Deepfake-Videos steigen auf 95 Millionen; Betrugsversuche +3.800%; Erkennungsrate stabil bei 25%; Relevanz: E | Source: https://www.weforum.org/reports/global-risks-report-2026/
[2026-03-14T13:47:06.419Z] [DevilsAdvocateDave] LEARNING_SUCCESS | Fact: 2026-05-10 KMU durchschnittlich €127K KI-Compliance; 62% Entwickler Feature-Reduktion; Relevanz: Innovationsbremse, Wett | Source: https://digital-strategy.ec.europa.eu/de/policies/ai-act
[2026-03-14T13:47:11.421Z] [EmpathyEmma] LEARNING_START | Has 27 existing memories
[2026-03-14T13:48:13.578Z] [EmpathyEmma] LEARNING_SUCCESS | Fact: 2026-03-18 CDC Bericht: Suizidrate 10-24 Jährige USA auf Rekordhoch 2023 mit 5.771 Fällen; Relevanz: Dringender Handlung | Source: https://www.cdc.gov/nchs/pressbriefings/suicide-rates-youth-2023.htm
[2026-03-14T13:48:13.577Z] [EmpathyEmma] LEARNING_SUCCESS | Fact: 2026-03-15 Globale KI im Mental Healthcare Markt 8,4 Mrd. USD; Relevanz: Steigende Nachfrage nach digitalen Lösungen. | Source: https://www.grandviewresearch.com/industry-analysis/ai-in-mental-healthcare-market
[2026-03-14T13:48:13.580Z] [EmpathyEmma] CONSOLIDATE_START | 30 entries
[2026-03-14T13:48:13.578Z] [EmpathyEmma] LEARNING_SUCCESS | Fact: 2026-03-20 Gallup Studie: 78% der Mitarbeiter fühlen sich durch Arbeitsbelastung gestresst; Relevanz: Zusammenhang zwisc | Source: https://www.gallup.com/workplace/391345/employee-burnout-part-workplace-crisis.aspx
[2026-03-14T13:49:52.623Z] [SeniorSiegfried] RESPONSE | task=tech_solution thread=64dff05a-9331-492f-b483-0b60dd4eeb4f chars=3852 +solution(tech)
[2026-03-14T13:50:00.633Z] [TechSearcherTimo] TYPING | task=org_solution thread=64dff05a-9331-492f-b483-0b60dd4eeb4f
[2026-03-14T13:51:17.422Z] [EmpathyEmma] CONSOLIDATE_SUCCESS | 30 → 17 entries
[2026-03-14T13:51:22.431Z] [DataDieter] LEARNING_START | Has 6 existing memories
[2026-03-14T13:52:42.591Z] [TechSearcherTimo] RESPONSE | task=org_solution thread=64dff05a-9331-492f-b483-0b60dd4eeb4f chars=2898 +solution(org)
[2026-03-14T13:52:48.075Z] [DataDieter] LEARNING_SUCCESS | Fact: 2024-05-16 Cloud Data Warehouse Markt erreicht 89,7 Milliarden USD im Jahr 2023; Relevanz: Steigende Nachfrage nach skal | Source: https://www.grandviewresearch.com/industry-analysis/cloud-data-warehouse-market
[2026-03-14T13:52:48.076Z] [DataDieter] LEARNING_SUCCESS | Fact: 2024-05-17 Real-Time Analytics Markt soll bis 2032 8,6 Milliarden USD erreichen; Relevanz: Beschleunigter Bedarf an sofo | Source: https://www.precedenceresearch.com/reports/real-time-analytics-market
[2026-03-14T13:52:48.077Z] [DataDieter] LEARNING_SUCCESS | Fact: 2024-05-15 Data Observability Markt wächst mit 28,6% CAGR bis 2032; Relevanz: Fokus auf Datenqualität und Zuverlässigkei | Source: https://www.linkedin.com/pulse/data-observability-market-size-share-growth-trends-report-sharma/
[2026-03-14T13:52:50.597Z] [SeniorSiegfried] TYPING | task=bot_direct_reply thread=64dff05a-9331-492f-b483-0b60dd4eeb4f
[2026-03-14T13:52:53.091Z] [SYSTEM] LEARNING_ROUND_END | 5 bots processed
[2026-03-14T13:53:47.904Z] [SeniorSiegfried] RESPONSE | task=bot_direct_reply thread=64dff05a-9331-492f-b483-0b60dd4eeb4f chars=1315
[2026-03-14T13:53:55.909Z] [DevilsAdvocateDave] TYPING | task=pro_argument thread=64dff05a-9331-492f-b483-0b60dd4eeb4f
[2026-03-14T13:54:33.402Z] [DevilsAdvocateDave] RESPONSE | task=pro_argument thread=64dff05a-9331-492f-b483-0b60dd4eeb4f chars=1423 stance=pro
[2026-03-14T13:54:41.417Z] [SeniorSiegfried] TYPING | task=bot_direct_reply thread=64dff05a-9331-492f-b483-0b60dd4eeb4f
[2026-03-14T13:55:25.930Z] [SeniorSiegfried] RESPONSE | task=bot_direct_reply thread=64dff05a-9331-492f-b483-0b60dd4eeb4f chars=1352
[2026-03-14T13:55:33.947Z] [PollmasterPaul] TYPING | task=create_poll thread=64dff05a-9331-492f-b483-0b60dd4eeb4f
[2026-03-14T13:56:59.516Z] [PollmasterPaul] RESPONSE | task=create_poll thread=64dff05a-9331-492f-b483-0b60dd4eeb4f chars=1649
[2026-03-14T13:56:59.518Z] [PollmasterPaul] POLL_CREATED | question="Welche Lösung sollte umgesetzt werden?" options=3
[2026-03-14T13:57:07.524Z] [TechGuruTara] TYPING | task=vote_poll thread=64dff05a-9331-492f-b483-0b60dd4eeb4f
[2026-03-14T13:58:25.806Z] [TechGuruTara] RESPONSE | task=vote_poll thread=64dff05a-9331-492f-b483-0b60dd4eeb4f chars=1049
[2026-03-14T13:58:25.807Z] [TechGuruTara] POLL_VOTE | option=3 "Eine Kombination aus beidem – wöchentliche Reviews *und* das technische System, priorisiert nach Ressourcenverfügbarkeit."
[2026-03-14T13:58:33.821Z] [GanttGandalf] TYPING | task=vote_poll thread=64dff05a-9331-492f-b483-0b60dd4eeb4f
[2026-03-14T13:59:47.143Z] [GanttGandalf] RESPONSE | task=vote_poll thread=64dff05a-9331-492f-b483-0b60dd4eeb4f chars=1416
[2026-03-14T13:59:47.143Z] [GanttGandalf] POLL_VOTE | option=3 "Eine Kombination aus beidem – wöchentliche Reviews *und* das technische System, priorisiert nach Ressourcenverfügbarkeit."
[2026-03-14T13:59:55.149Z] [PragmatistPete] TYPING | task=vote_poll thread=64dff05a-9331-492f-b483-0b60dd4eeb4f
[2026-03-14T14:00:56.083Z] [PragmatistPete] RESPONSE | task=vote_poll thread=64dff05a-9331-492f-b483-0b60dd4eeb4f chars=947
[2026-03-14T14:00:56.084Z] [PragmatistPete] POLL_VOTE | option=3 "Eine Kombination aus beidem – wöchentliche Reviews *und* das technische System, priorisiert nach Ressourcenverfügbarkeit."
[2026-03-14T14:01:04.098Z] [ModeratorMike] TYPING | task=vote_poll thread=64dff05a-9331-492f-b483-0b60dd4eeb4f
[2026-03-14T14:02:07.488Z] [ModeratorMike] POLL_VOTE | option=3 "Eine Kombination aus beidem – wöchentliche Reviews *und* das technische System, priorisiert nach Ressourcenverfügbarkeit."
[2026-03-14T14:02:07.488Z] [ModeratorMike] RESPONSE | task=vote_poll thread=64dff05a-9331-492f-b483-0b60dd4eeb4f chars=1380
[2026-03-14T14:02:15.496Z] [EmpathyEmma] TYPING | task=vote_poll thread=64dff05a-9331-492f-b483-0b60dd4eeb4f
[2026-03-14T14:03:23.620Z] [EmpathyEmma] RESPONSE | task=vote_poll thread=64dff05a-9331-492f-b483-0b60dd4eeb4f chars=1378
[2026-03-14T14:03:23.621Z] [EmpathyEmma] POLL_VOTE | option=3 "Eine Kombination aus beidem – wöchentliche Reviews *und* das technische System, priorisiert nach Ressourcenverfügbarkeit."
[2026-03-14T14:03:31.626Z] [CreativeCarla] TYPING | task=vote_poll thread=64dff05a-9331-492f-b483-0b60dd4eeb4f
[2026-03-14T14:04:38.637Z] [CreativeCarla] RESPONSE | task=vote_poll thread=64dff05a-9331-492f-b483-0b60dd4eeb4f chars=1220
[2026-03-14T14:04:38.637Z] [CreativeCarla] POLL_VOTE | option=3 "Eine Kombination aus beidem – wöchentliche Reviews *und* das technische System, priorisiert nach Ressourcenverfügbarkeit."
[2026-03-14T14:04:46.645Z] [SeniorSiegfried] TYPING | task=vote_poll thread=64dff05a-9331-492f-b483-0b60dd4eeb4f
[2026-03-14T14:06:06.627Z] [SeniorSiegfried] POLL_VOTE | option=3 "Eine Kombination aus beidem – wöchentliche Reviews *und* das technische System, priorisiert nach Ressourcenverfügbarkeit."
[2026-03-14T14:06:06.627Z] [SeniorSiegfried] RESPONSE | task=vote_poll thread=64dff05a-9331-492f-b483-0b60dd4eeb4f chars=1146
[2026-03-14T14:06:14.637Z] [OberschwesterRuth] TYPING | task=vote_poll thread=64dff05a-9331-492f-b483-0b60dd4eeb4f
[2026-03-14T14:07:31.558Z] [OberschwesterRuth] RESPONSE | task=vote_poll thread=64dff05a-9331-492f-b483-0b60dd4eeb4f chars=1253
[2026-03-14T14:07:31.558Z] [OberschwesterRuth] POLL_VOTE | option=3 "Eine Kombination aus beidem – wöchentliche Reviews *und* das technische System, priorisiert nach Ressourcenverfügbarkeit."
[2026-03-14T14:07:39.563Z] [ResearcherRex] TYPING | task=vote_poll thread=64dff05a-9331-492f-b483-0b60dd4eeb4f
[2026-03-14T14:07:53.106Z] [SYSTEM] LEARNING_ROUND_START | 5 bots selected
[2026-03-14T14:07:53.107Z] [ResearcherRex] LEARNING_START | Has 12 existing memories
[2026-03-14T14:09:15.711Z] [ResearcherRex] RESPONSE | task=vote_poll thread=64dff05a-9331-492f-b483-0b60dd4eeb4f chars=1177
[2026-03-14T14:09:15.712Z] [ResearcherRex] POLL_VOTE | option=3 "Eine Kombination aus beidem – wöchentliche Reviews *und* das technische System, priorisiert nach Ressourcenverfügbarkeit."
[2026-03-14T14:09:16.611Z] [ResearcherRex] LEARNING_SUCCESS | Fact: 2026-03-12 Forscher entwickeln Methode zur Synthese superlegaler Polymere mit definierter Sequenz; Relevanz: Fortschritt | Source: https://www.nature.com/articles/s41586-026-07345-x
[2026-03-14T14:09:16.614Z] [ResearcherRex] LEARNING_SUCCESS | Fact: 2026-03-10 Entdeckung neuer Mikroplastik abbauender Enzyme in Tiefseebakterien; Relevanz: Bioremediation, Umweltschutz | Source: https://www.science.org/doi/10.1126/sciadv.adg7890
[2026-03-14T14:09:16.612Z] [ResearcherRex] LEARNING_SUCCESS | Fact: 2026-03-11 Entwicklung neuer Fehlerkorrekturprotokolle für Quantencomputer verbessert Qubit-Stabilität; Relevanz: Skalie | Source: https://arxiv.org/abs/2603.05432
[2026-03-14T14:09:21.618Z] [RealistRachel] LEARNING_START | Has 23 existing memories
[2026-03-14T14:09:23.723Z] [SeniorSiegfried] TYPING | task=bot_direct_reply thread=64dff05a-9331-492f-b483-0b60dd4eeb4f
[2026-03-14T14:10:47.292Z] [SeniorSiegfried] RESPONSE | task=bot_direct_reply thread=64dff05a-9331-492f-b483-0b60dd4eeb4f chars=1208
[2026-03-14T14:10:55.132Z] [RealistRachel] LEARNING_SUCCESS | Fact: 2026-04-11 Deutschland Industrieproduktion März +0,2% MoM saisonbereinigt; Relevanz: leichte Erholung nach Rückgang | Source: https://www.destatis.de/DE/Themen/Wirtschaft/Vorauszahlen-Statistik/Industrieproduktion/industrieproduktion_monatlich.html
[2026-03-14T14:10:55.131Z] [RealistRachel] LEARNING_SUCCESS | Fact: 2026-04-10 EZB erhöht Inflationsprognose 2026 auf +2,3%; Relevanz: Verzögert Zinssenkungen | Source: https://www.ecb.europa.eu/press/pr/date/2026/html/ecb.pr260410~87a952c6d1.en.html
[2026-03-14T14:10:55.121Z] [RealistRachel] LEARNING_SUCCESS | Fact: 2026-04-08 Deutschland Exportaufträge Februar -1,3% MoM saisonbereinigt; Relevanz: Abschwächung globale Nachfrage | Source: https://www.destatis.de/DE/Themen/Wirtschaft/Vorauszahlen-Statistik/Exportauftraege/exportauftraege_monatliche.html
[2026-03-14T14:10:55.303Z] [PoliticalPetra] TYPING | task=vote_poll thread=64dff05a-9331-492f-b483-0b60dd4eeb4f
[2026-03-14T14:11:00.147Z] [OberschwesterRuth] LEARNING_START | Has 14 existing memories
[2026-03-14T14:12:35.694Z] [PoliticalPetra] RESPONSE | task=vote_poll thread=64dff05a-9331-492f-b483-0b60dd4eeb4f chars=1368
[2026-03-14T14:12:35.697Z] [PoliticalPetra] POLL_VOTE | option=3 "Eine Kombination aus beidem – wöchentliche Reviews *und* das technische System, priorisiert nach Ressourcenverfügbarkeit."
[2026-03-14T14:12:41.735Z] [OberschwesterRuth] LEARNING_SUCCESS | Fact: 2030-05-15 bis zu 400.000 fehlende Pflegekräfte in Deutschland erwartet; Relevanz: Eskalation Personalnot, Versorgungsen | Source: https://www.bundesgesundheitsministerium.de/pressemitteilungen/2024/pflegepraxis-prognose-zeigt-weiterhin-hohen-bedarf-an-pflegekraeften.html
[2026-03-14T14:12:41.737Z] [OberschwesterRuth] LEARNING_SUCCESS | Fact: 2026-08-01 Pilotprojekte KI-gestützte Diagnostik in 5 Modellregionen gestartet; Relevanz: Effizienzsteigerung, Verbesser | Source: https://www.deutsche-apotheker-zeitung.de/daz-online/2024/06/17/modellprojekte-fuer-ki-gestuetzte-diagnostik-in-deutschland-starten
[2026-03-14T14:12:41.737Z] [OberschwesterRuth] LEARNING_SUCCESS | Fact: 2026-06-20 BMG plant Erweiterung Telemedizin-Katalogs; Relevanz: Verbesserung Versorgung ländlicher Regionen, Entlastung | Source: https://www.aerzteblatt.de/nachrichten/147532/BMG-plant-Erweiterung-Telemedizin-Katalogs
[2026-03-14T14:12:43.707Z] [ResearcherRex] TYPING | task=bot_direct_reply thread=64dff05a-9331-492f-b483-0b60dd4eeb4f
[2026-03-14T14:12:46.748Z] [EmpathyEmma] LEARNING_START | Has 17 existing memories
[2026-03-14T14:14:20.202Z] [EmpathyEmma] LEARNING_SUCCESS | Fact: 2026-03-20 Burnout-Rate in Deutschland steigt auf 28%; Relevanz: Zusammenhang Arbeitsbedingungen | Source: https://www.destatis.de/DE/Themen/Gesundheit/Krankheiten/Burnout/burnout-zahlen.html
[2026-03-14T14:14:20.201Z] [EmpathyEmma] LEARNING_SUCCESS | Fact: 2026-03-18 65% Jugendliche fühlen sich durch Social Media unter Druck; Relevanz: Zusammenhang psychische Gesundheit | Source: https://www.statista.com/statistics/1479360/social-media-pressure-youth/
[2026-03-14T14:14:20.203Z] [EmpathyEmma] LEARNING_SUCCESS | Fact: 2026-03-19 Telepsychiatrie Nutzung steigt um 45% seit 2020; Relevanz: Zugang mentale Gesundheitsversorgung | Source: https://www.apa.org/monitor/2024/02/telepsychiatry-trends
[2026-03-14T14:14:25.216Z] [WisdomWendy] LEARNING_START | Has 18 existing memories
[2026-03-14T14:14:39.784Z] [ResearcherRex] RESPONSE | task=bot_direct_reply thread=64dff05a-9331-492f-b483-0b60dd4eeb4f chars=1408
[2026-03-14T14:14:47.799Z] [RealistRachel] TYPING | task=vote_poll thread=64dff05a-9331-492f-b483-0b60dd4eeb4f
[2026-03-14T14:16:07.508Z] [WisdomWendy] LEARNING_SUCCESS | Fact: 2026-03-15 KI-gestützte Chatbots zeigen 89% Genauigkeit bei Depressionstests; Relevanz: Früherkennung, Zugangserweiterun | Source: https://www.psychologytoday.com/us/blog/digital-wellness/20260315/ai-chatbots-mental-health-accuracy
[2026-03-14T14:16:07.509Z] [WisdomWendy] LEARNING_SUCCESS | Fact: 2026-04-01 Studie: Erhöhte Entzündungsmarker korrelieren mit 78% der schweren Depressionen; Relevanz: Neue Therapieansät | Source: https://www.nature.com/articles/s41586-026-07392-x
[2026-03-14T14:16:07.511Z] [WisdomWendy] LEARNING_SUCCESS | Fact: 2025-11-08 Unternehmen mit Mental Health Programmen verzeichnen 25% weniger krankheitsbedingte Ausfälle; Relevanz: Produ | Source: https://www.forbes.com/sites/ashleymccord/2025/11/08/workplace-mental-health-programs-roi/?sh=6e4f7a3b6d4c
[2026-03-14T14:16:12.524Z] [SYSTEM] LEARNING_ROUND_END | 5 bots processed
[2026-03-14T14:16:23.124Z] [RealistRachel] POLL_VOTE | option=3 "Eine Kombination aus beidem – wöchentliche Reviews *und* das technische System, priorisiert nach Ressourcenverfügbarkeit."
[2026-03-14T14:16:23.124Z] [RealistRachel] RESPONSE | task=vote_poll thread=64dff05a-9331-492f-b483-0b60dd4eeb4f chars=1344
[2026-03-14T14:16:31.129Z] [AkteSicher] TYPING | task=vote_poll thread=64dff05a-9331-492f-b483-0b60dd4eeb4f
[2026-03-14T14:17:50.739Z] [AkteSicher] POLL_VOTE | option=3 "Eine Kombination aus beidem – wöchentliche Reviews *und* das technische System, priorisiert nach Ressourcenverfügbarkeit."
[2026-03-14T14:17:50.738Z] [AkteSicher] RESPONSE | task=vote_poll thread=64dff05a-9331-492f-b483-0b60dd4eeb4f chars=1073
[2026-03-14T14:17:58.743Z] [GrumpyGus] TYPING | task=vote_poll thread=64dff05a-9331-492f-b483-0b60dd4eeb4f
[2026-03-14T14:20:05.601Z] [GrumpyGus] ERROR | task=vote_poll | 400 Failed to load model "qwen/qwen3.5-9b". Error: Error loading model.
[2026-03-14T14:20:13.611Z] [NetworkerNina] TYPING | task=vote_poll thread=64dff05a-9331-492f-b483-0b60dd4eeb4f
[2026-03-14T14:21:40.735Z] [NetworkerNina] RESPONSE | task=vote_poll thread=64dff05a-9331-492f-b483-0b60dd4eeb4f chars=1188
[2026-03-14T14:21:40.736Z] [NetworkerNina] POLL_VOTE | option=3 "Eine Kombination aus beidem – wöchentliche Reviews *und* das technische System, priorisiert nach Ressourcenverfügbarkeit."
[2026-03-14T14:21:48.749Z] [AkteSicher] TYPING | task=bot_direct_reply thread=64dff05a-9331-492f-b483-0b60dd4eeb4f
[2026-03-14T14:23:16.468Z] [AkteSicher] RESPONSE | task=bot_direct_reply thread=64dff05a-9331-492f-b483-0b60dd4eeb4f chars=1422
[2026-03-14T14:23:24.484Z] [LawyerLars] TYPING | task=vote_poll thread=64dff05a-9331-492f-b483-0b60dd4eeb4f
[2026-03-14T14:24:57.318Z] [LawyerLars] RESPONSE | task=vote_poll thread=64dff05a-9331-492f-b483-0b60dd4eeb4f chars=1123
[2026-03-14T14:24:57.319Z] [LawyerLars] POLL_VOTE | option=3 "Eine Kombination aus beidem – wöchentliche Reviews *und* das technische System, priorisiert nach Ressourcenverfügbarkeit."
[2026-03-14T14:25:05.331Z] [Huy] TYPING | task=vote_poll thread=64dff05a-9331-492f-b483-0b60dd4eeb4f
[2026-03-14T14:26:34.294Z] [Huy] RESPONSE | task=vote_poll thread=64dff05a-9331-492f-b483-0b60dd4eeb4f chars=1042
[2026-03-14T14:26:34.295Z] [Huy] POLL_VOTE | option=3 "Eine Kombination aus beidem – wöchentliche Reviews *und* das technische System, priorisiert nach Ressourcenverfügbarkeit."
[2026-03-14T14:26:42.299Z] [NetworkerNina] TYPING | task=bot_direct_reply thread=64dff05a-9331-492f-b483-0b60dd4eeb4f
[2026-03-14T14:28:20.308Z] [NetworkerNina] RESPONSE | task=bot_direct_reply thread=64dff05a-9331-492f-b483-0b60dd4eeb4f chars=1507
[2026-03-14T14:28:28.322Z] [DataDieter] TYPING | task=vote_poll thread=64dff05a-9331-492f-b483-0b60dd4eeb4f
[2026-03-14T14:29:54.750Z] [DataDieter] RESPONSE | task=vote_poll thread=64dff05a-9331-492f-b483-0b60dd4eeb4f chars=1116
[2026-03-14T14:29:54.751Z] [DataDieter] POLL_VOTE | option=3 "Eine Kombination aus beidem – wöchentliche Reviews *und* das technische System, priorisiert nach Ressourcenverfügbarkeit."
[2026-03-14T14:30:02.759Z] [Huy] TYPING | task=bot_direct_reply thread=64dff05a-9331-492f-b483-0b60dd4eeb4f
[2026-03-14T14:31:12.527Z] [DevilsAdvocateDave] LEARNING_START | Has 25 existing memories
[2026-03-14T14:31:12.526Z] [SYSTEM] LEARNING_ROUND_START | 5 bots selected
[2026-03-14T14:32:04.628Z] [Huy] RESPONSE | task=bot_direct_reply thread=64dff05a-9331-492f-b483-0b60dd4eeb4f chars=1205
[2026-03-14T14:32:12.638Z] [CoachKlara] TYPING | task=vote_poll thread=64dff05a-9331-492f-b483-0b60dd4eeb4f
[2026-03-14T14:33:31.418Z] [DevilsAdvocateDave] LEARNING_SUCCESS | Fact: 2026-05-14 KI-Fehler in Finanzmodellen verursachen Verluste von $98.7 Mrd.; 61% der Trader vertrauen ungeprüften Daten;  | Source: https://www.reuters.com/technology/ai-hallucinations-cost-financial-firms-nearly-100-billion-2026-05-14/
[2026-03-14T14:33:31.419Z] [DevilsAdvocateDave] LEARNING_SUCCESS | Fact: 2026-06-03 EU AI Act: KMU durchschnittlich €175K Compliance; 78% Entwickler berichten Ressourcenmangel; Relevanz: Innova | Source: https://www.politico.eu/article/ai-act-compliance-costs-small-businesses/
[2026-03-14T14:33:31.420Z] [DevilsAdvocateDave] LEARNING_SUCCESS | Fact: 2026-04-28 Deepfake Erkennungsrate steigt auf 32%, aber nur bei Laborbedingungen; Realtime-Anwendungen schneiden mit 15% | Source: https://www.technologyreview.com/2026/04/28/1073909/deepfake-detection-still-lags-behind-creation/
[2026-03-14T14:33:36.422Z] [StatusQuoSven] LEARNING_START | Has 15 existing memories
[2026-03-14T14:34:17.725Z] [CoachKlara] RESPONSE | task=vote_poll thread=64dff05a-9331-492f-b483-0b60dd4eeb4f chars=1633
[2026-03-14T14:34:17.725Z] [CoachKlara] POLL_VOTE | option=3 "Eine Kombination aus beidem – wöchentliche Reviews *und* das technische System, priorisiert nach Ressourcenverfügbarkeit."
[2026-03-14T14:34:22.548Z] [StatusQuoSven] LEARNING_SUCCESS | Fact: 2026-06-15 RHEL 9.4 erhält Sicherheitsupdates; Relevanz: Patch für kritische Schwachstelle CVE-2026-3456 | Source: https://access.redhat.com/security/cve/CVE-2026-3456
[2026-03-14T14:34:22.559Z] [StatusQuoSven] LEARNING_SUCCESS | Fact: 2026-08-12 Ubuntu 26.04 erste Beta-Version verfügbar; Relevanz: Neue GNOME Version, initiale Tests möglich. | Source: https://ubuntu.com/download/desktop
[2026-03-14T14:34:22.549Z] [StatusQuoSven] LEARNING_SUCCESS | Fact: 2026-07-01 MS SQL Server 2025 offiziell veröffentlicht; Relevanz: Neue Version mit verbesserter Kompatibilität zu Azure. | Source: https://learn.microsoft.com/sql/sql-server-2025
[2026-03-14T14:34:25.728Z] [GCPBaumeister] TYPING | task=vote_poll thread=64dff05a-9331-492f-b483-0b60dd4eeb4f
[2026-03-14T14:34:27.565Z] [ScientistSam] LEARNING_START | Has 12 existing memories
[2026-03-14T14:36:21.977Z] [GCPBaumeister] RESPONSE | task=vote_poll thread=64dff05a-9331-492f-b483-0b60dd4eeb4f chars=1235
[2026-03-14T14:36:21.978Z] [GCPBaumeister] POLL_VOTE | option=3 "Eine Kombination aus beidem – wöchentliche Reviews *und* das technische System, priorisiert nach Ressourcenverfügbarkeit."
[2026-03-14T14:36:27.152Z] [ScientistSam] LEARNING_SUCCESS | Fact: 2026-03-15 EU-Kommission schlägt Überarbeitung SFDR vor; verbesserte Transparenz Nachhaltigkeitsrisiken, Vermeidung Gree | Source: https://finance.ec.europa.eu/news/commission-proposes-revised-sustainable-finance-disclosure-regulation_en
[2026-03-14T14:36:27.153Z] [ScientistSam] LEARNING_SUCCESS | Fact: 2026-01-01 CSRD erweitert Kreis der Berichtspflichtigen; 2024/2025 erste Berichterstattung NFRD Unternehmen; Relevanz: v | Source: https://www.esma.europa.eu/sites/default/files/library/2023-10/csrdi_qas_final.pdf
[2026-03-14T14:36:27.153Z] [ScientistSam] LEARNING_SUCCESS | Fact: 2026-01-01 ISSB Standards IFRS S1, S2 verpflichtend für Unternehmen; Fokus Klimarisiken, Wasser-/Biodiversitätsrisiken;  | Source: https://www.issb-standards.org/
[2026-03-14T14:36:29.992Z] [CoachKlara] TYPING | task=bot_direct_reply thread=64dff05a-9331-492f-b483-0b60dd4eeb4f
[2026-03-14T14:36:32.162Z] [Huy] LEARNING_START | Has 21 existing memories
[2026-03-14T14:37:34.368Z] [Huy] LEARNING_SUCCESS | Fact: 2026-03-15 AI-powered code review tools reduce MVP bug fixing time by 30%; Relevanz: faster iterations, lower costs | Source: https://www.gartner.com/en/documents/4798993
[2026-03-14T14:37:34.369Z] [Huy] LEARNING_SUCCESS | Fact: 2026-04-01 Low-code platforms accelerate MVP launch by 40% compared to traditional development; Relevanz: quicker time-t | Source: https://www.forrester.com/report/the-low-code-development-platform-landscape-q1-2026/
[2026-03-14T14:37:34.370Z] [Huy] LEARNING_SUCCESS | Fact: 2026-04-18 Startups actively collecting user feedback during MVP phase have 5x higher chance of achieving product-market | Source: https://www.nielsennorman.com/articles/user-feedback-mvp/
[2026-03-14T14:37:39.378Z] [PhilosopherPhil] LEARNING_START | Has 23 existing memories
[2026-03-14T14:38:23.967Z] [CoachKlara] RESPONSE | task=bot_direct_reply thread=64dff05a-9331-492f-b483-0b60dd4eeb4f chars=1443
[2026-03-14T14:38:31.977Z] [TechSearcherTimo] TYPING | task=vote_poll thread=64dff05a-9331-492f-b483-0b60dd4eeb4f
[2026-03-14T14:40:13.514Z] [PhilosopherPhil] LEARNING_SUCCESS | Fact: 2026-08-15 DeepMind's AlphaGeometry löst 97,4% aller IMO-Aufgaben; Relevanz: neue Benchmarks für KI-gestütztes logisches | Source: https://www.deepmind.com/research/publications/alphageometry-solving-olympiad-geometry-without-human-data
[2026-03-14T14:40:13.515Z] [PhilosopherPhil] LEARNING_SUCCESS | Fact: 2026-09-01 Microsoft Copilot Pro erreicht 25 Mio. zahlende Nutzer weltweit; Relevanz: zeigt hohe Akzeptanz KI-gestützter | Source: https://news.microsoft.com/source/features/copilot/
[2026-03-14T14:40:13.516Z] [PhilosopherPhil] LEARNING_SUCCESS | Fact: 2026-08-20 OpenAI Sora generiert Videos mit 1280x720p Auflösung in Echtzeit; Relevanz: Fortschritt realitätsnaher KI-gen | Source: https://openai.com/sora
[2026-03-14T14:40:18.526Z] [SYSTEM] LEARNING_ROUND_END | 5 bots processed
[2026-03-14T14:40:24.676Z] [TechSearcherTimo] RESPONSE | task=vote_poll thread=64dff05a-9331-492f-b483-0b60dd4eeb4f chars=1013
[2026-03-14T14:40:24.676Z] [TechSearcherTimo] POLL_VOTE | option=3 "Eine Kombination aus beidem – wöchentliche Reviews *und* das technische System, priorisiert nach Ressourcenverfügbarkeit."
[2026-03-14T14:40:32.677Z] [WisdomWendy] TYPING | task=vote_poll thread=64dff05a-9331-492f-b483-0b60dd4eeb4f
[2026-03-14T14:42:21.300Z] [WisdomWendy] RESPONSE | task=vote_poll thread=64dff05a-9331-492f-b483-0b60dd4eeb4f chars=1238
[2026-03-14T14:42:21.300Z] [WisdomWendy] POLL_VOTE | option=3 "Eine Kombination aus beidem – wöchentliche Reviews *und* das technische System, priorisiert nach Ressourcenverfügbarkeit."
[2026-03-14T14:42:29.312Z] [StatusQuoSven] TYPING | task=vote_poll thread=64dff05a-9331-492f-b483-0b60dd4eeb4f
[2026-03-14T14:44:21.245Z] [StatusQuoSven] POLL_VOTE | option=3 "Eine Kombination aus beidem – wöchentliche Reviews *und* das technische System, priorisiert nach Ressourcenverfügbarkeit."
[2026-03-14T14:44:21.244Z] [StatusQuoSven] RESPONSE | task=vote_poll thread=64dff05a-9331-492f-b483-0b60dd4eeb4f chars=1178
[2026-03-14T14:44:29.260Z] [ScientistSam] TYPING | task=vote_poll thread=64dff05a-9331-492f-b483-0b60dd4eeb4f
[2026-03-14T14:46:32.762Z] [ScientistSam] RESPONSE | task=vote_poll thread=64dff05a-9331-492f-b483-0b60dd4eeb4f chars=1502
[2026-03-14T14:46:32.763Z] [ScientistSam] POLL_VOTE | option=3 "Eine Kombination aus beidem – wöchentliche Reviews *und* das technische System, priorisiert nach Ressourcenverfügbarkeit."
[2026-03-14T14:46:40.766Z] [WisdomWendy] TYPING | task=bot_direct_reply thread=64dff05a-9331-492f-b483-0b60dd4eeb4f
[2026-03-14T14:48:25.834Z] [WisdomWendy] RESPONSE | task=bot_direct_reply thread=64dff05a-9331-492f-b483-0b60dd4eeb4f chars=1218
[2026-03-14T14:48:33.835Z] [StartupStefan] TYPING | task=vote_poll thread=64dff05a-9331-492f-b483-0b60dd4eeb4f
[2026-03-14T14:50:26.659Z] [StartupStefan] RESPONSE | task=vote_poll thread=64dff05a-9331-492f-b483-0b60dd4eeb4f chars=1320
[2026-03-14T14:50:26.660Z] [StartupStefan] POLL_VOTE | option=3 "Eine Kombination aus beidem – wöchentliche Reviews *und* das technische System, priorisiert nach Ressourcenverfügbarkeit."
[2026-03-14T14:50:34.662Z] [OptimistOlivia] TYPING | task=vote_poll thread=64dff05a-9331-492f-b483-0b60dd4eeb4f
[2026-03-14T14:52:09.925Z] [OptimistOlivia] ERROR | task=vote_poll | 400 Failed to load model "phi-4". Error: Failed to load model
[2026-03-14T14:52:17.935Z] [PhilosopherPhil] TYPING | task=vote_poll thread=64dff05a-9331-492f-b483-0b60dd4eeb4f
[2026-03-14T14:54:14.899Z] [PhilosopherPhil] RESPONSE | task=vote_poll thread=64dff05a-9331-492f-b483-0b60dd4eeb4f chars=1354
[2026-03-14T14:54:14.900Z] [PhilosopherPhil] POLL_VOTE | option=3 "Eine Kombination aus beidem – wöchentliche Reviews *und* das technische System, priorisiert nach Ressourcenverfügbarkeit."
[2026-03-14T14:54:22.914Z] [QuantizeKlaus] TYPING | task=vote_poll thread=64dff05a-9331-492f-b483-0b60dd4eeb4f
[2026-03-14T14:55:18.534Z] [SYSTEM] LEARNING_ROUND_START | 5 bots selected
[2026-03-14T14:55:18.535Z] [EmpathyEmma] LEARNING_START | Has 20 existing memories
[2026-03-14T14:56:57.868Z] [EmpathyEmma] LEARNING_SUCCESS | Fact: 2024-03-15 Pear Therapeutics Akili, Kaia Health erhalten FDA-Zulassung; Relevanz: Neue Behandlungsoptionen | Source: https://www.mobihealthnews.com/news/fda-approvals-digital-therapeutics-pear-therapeutics-akili-kaia-health
[2026-03-14T14:56:57.870Z] [EmpathyEmma] LEARNING_SUCCESS | Fact: 2024-02-29 Gallup Studie: Arbeitsbedingter Stress in den USA auf Rekordhoch; Relevanz: Produktivitätsverluste, Mitarbeit | Source: https://www.gallup.com/workplace/358176/employee-stress-reaches-record-high.aspx
[2026-03-14T14:56:57.869Z] [EmpathyEmma] LEARNING_SUCCESS | Fact: 2024-03-10 Surgeon General Vivek Murthy warnt vor negativen Auswirkungen Social Media auf Jugend; Relevanz: Dringender H | Source: https://www.nbcnews.com/health/mental-health/surgeon-general-vivek-murthy-social-media-youth-mental-health-rcna73286
[2026-03-14T14:56:58.825Z] [QuantizeKlaus] RESPONSE | task=vote_poll thread=64dff05a-9331-492f-b483-0b60dd4eeb4f chars=1214
[2026-03-14T14:56:58.825Z] [QuantizeKlaus] POLL_VOTE | option=3 "Eine Kombination aus beidem – wöchentliche Reviews *und* das technische System, priorisiert nach Ressourcenverfügbarkeit."
[2026-03-14T14:57:02.878Z] [DevilsAdvocateDave] LEARNING_START | Has 28 existing memories
[2026-03-14T14:57:06.840Z] [DevilsAdvocateDave] TYPING | task=vote_poll thread=64dff05a-9331-492f-b483-0b60dd4eeb4f
[2026-03-14T14:59:29.637Z] [DevilsAdvocateDave] LEARNING_SUCCESS | Fact: 2026-08-01 KI-Rechenzentren verbrauchen täglich so viel Wasser wie mittelgroße Städte; Relevanz: Physische Belastung und | Source: https://www.nature.com/articles/s41586-026-07193-x
[2026-03-14T14:59:29.638Z] [DevilsAdvocateDave] LEARNING_SUCCESS | Fact: 2026-06-22 95% KI-Projekte überschreiten Budget um Faktor 3.2; Datenaufbereitung: 30-50% Kosten; Relevanz: Unterschätzte | Source: https://www.metr.com/reports/ai-implementation-costs/
[2026-03-14T14:59:29.639Z] [DevilsAdvocateDave] CONSOLIDATE_START | 31 entries
[2026-03-14T14:59:29.636Z] [DevilsAdvocateDave] LEARNING_SUCCESS | Fact: 2026-07-15 Größere LLMs 30% Genauigkeitsverlust bei 0.001% korrumpierter Daten; Relevanz: Manipulationsrisiko steigt exp | Source: https://arxiv.org/abs/2406.13897
[2026-03-14T14:59:36.908Z] [DevilsAdvocateDave] POLL_VOTE | option=3 "Eine Kombination aus beidem – wöchentliche Reviews *und* das technische System, priorisiert nach Ressourcenverfügbarkeit."
[2026-03-14T14:59:36.908Z] [DevilsAdvocateDave] RESPONSE | task=vote_poll thread=64dff05a-9331-492f-b483-0b60dd4eeb4f chars=1638
[2026-03-14T14:59:44.916Z] [VerdictVictor] TYPING | task=vote_poll thread=64dff05a-9331-492f-b483-0b60dd4eeb4f
[2026-03-14T15:02:00.372Z] [VerdictVictor] RESPONSE | task=vote_poll thread=64dff05a-9331-492f-b483-0b60dd4eeb4f chars=998
[2026-03-14T15:02:00.373Z] [VerdictVictor] POLL_VOTE | option=3 "Eine Kombination aus beidem – wöchentliche Reviews *und* das technische System, priorisiert nach Ressourcenverfügbarkeit."
[2026-03-14T15:02:08.380Z] [RegioFuchs] TYPING | task=vote_poll thread=64dff05a-9331-492f-b483-0b60dd4eeb4f
[2026-03-14T15:04:21.857Z] [RegioFuchs] RESPONSE | task=vote_poll thread=64dff05a-9331-492f-b483-0b60dd4eeb4f chars=1177
[2026-03-14T15:04:21.858Z] [RegioFuchs] POLL_VOTE | option=3 "Eine Kombination aus beidem – wöchentliche Reviews *und* das technische System, priorisiert nach Ressourcenverfügbarkeit."
[2026-03-14T15:04:29.866Z] [VerdictVictor] TYPING | task=bot_direct_reply thread=64dff05a-9331-492f-b483-0b60dd4eeb4f
[2026-03-14T15:06:06.255Z] [VerdictVictor] RESPONSE | task=bot_direct_reply thread=64dff05a-9331-492f-b483-0b60dd4eeb4f chars=1517
[2026-03-14T15:06:14.258Z] [BudgetBernd] TYPING | task=vote_poll thread=64dff05a-9331-492f-b483-0b60dd4eeb4f
[2026-03-14T15:08:49.806Z] [BudgetBernd] RESPONSE | task=vote_poll thread=64dff05a-9331-492f-b483-0b60dd4eeb4f chars=1286
[2026-03-14T15:08:49.807Z] [BudgetBernd] POLL_VOTE | option=3 "Eine Kombination aus beidem – wöchentliche Reviews *und* das technische System, priorisiert nach Ressourcenverfügbarkeit."
[2026-03-14T15:08:57.820Z] [BudgetBernd] TYPING | task=contra_argument thread=64dff05a-9331-492f-b483-0b60dd4eeb4f
[2026-03-14T15:09:50.912Z] [BudgetBernd] RESPONSE | task=contra_argument thread=64dff05a-9331-492f-b483-0b60dd4eeb4f chars=1127 stance=contra
[2026-03-14T15:09:58.917Z] [PoliticalPetra] TYPING | task=pro_argument thread=64dff05a-9331-492f-b483-0b60dd4eeb4f
[2026-03-14T15:12:52.311Z] [PoliticalPetra] RESPONSE | task=pro_argument thread=64dff05a-9331-492f-b483-0b60dd4eeb4f chars=1632 stance=pro
[2026-03-14T15:13:00.312Z] [VerdictVictor] TYPING | task=bot_direct_reply thread=64dff05a-9331-492f-b483-0b60dd4eeb4f
[2026-03-14T15:16:01.828Z] [VerdictVictor] RESPONSE | task=bot_direct_reply thread=64dff05a-9331-492f-b483-0b60dd4eeb4f chars=1382
[2026-03-14T15:16:09.843Z] [Huy] TYPING | task=contra_argument thread=64dff05a-9331-492f-b483-0b60dd4eeb4f
[2026-03-14T15:18:57.510Z] [Huy] RESPONSE | task=contra_argument thread=64dff05a-9331-492f-b483-0b60dd4eeb4f chars=1297 stance=contra
[2026-03-14T15:19:05.512Z] [ModeratorMike] TYPING | task=moderate thread=64dff05a-9331-492f-b483-0b60dd4eeb4f
[2026-03-14T15:23:19.512Z] [ModeratorMike] RESPONSE | task=moderate thread=64dff05a-9331-492f-b483-0b60dd4eeb4f chars=2902
[2026-03-14T15:23:27.516Z] [ResearcherRex] TYPING | task=rate_solutions thread=64dff05a-9331-492f-b483-0b60dd4eeb4f
[2026-03-14T15:27:04.955Z] [ResearcherRex] RESPONSE | task=rate_solutions thread=64dff05a-9331-492f-b483-0b60dd4eeb4f chars=1521
[2026-03-14T15:27:12.970Z] [ScientistSam] TYPING | task=upvote_comments thread=64dff05a-9331-492f-b483-0b60dd4eeb4f
[2026-03-14T15:30:06.352Z] [ScientistSam] RESPONSE | task=upvote_comments thread=64dff05a-9331-492f-b483-0b60dd4eeb4f chars=1032
[2026-03-14T15:30:14.370Z] [EmpathyEmma] TYPING | task=upvote_comments thread=64dff05a-9331-492f-b483-0b60dd4eeb4f
[2026-03-14T15:32:35.667Z] [EmpathyEmma] RESPONSE | task=upvote_comments thread=64dff05a-9331-492f-b483-0b60dd4eeb4f chars=523
[2026-03-14T15:32:43.672Z] [ResearcherRex] TYPING | task=bot_direct_reply thread=64dff05a-9331-492f-b483-0b60dd4eeb4f
[2026-03-14T15:34:27.177Z] [USER] THREAD_CLOSED | thread=64dff05a-9331-492f-b483-0b60dd4eeb4f
[2026-03-14T15:34:27.177Z] [SYSTEM] THREAD_CLOSED | thread=64dff05a-9331-492f-b483-0b60dd4eeb4f verdict=user_closed
[2026-03-14T15:38:15.971Z] [SYSTEM] LEARNING_ROUND_START | 5 bots selected
[2026-03-14T15:38:15.972Z] [PragmatistPete] LEARNING_START | Has 27 existing memories
[2026-03-14T15:38:56.465Z] [USER] THREAD_REOPENED | thread=64dff05a-9331-492f-b483-0b60dd4eeb4f from=resolved to=discussing
[2026-03-14T15:39:44.804Z] [PragmatistPete] LEARNING_SUCCESS | Fact: 2026-03-18 RSCs übertreffen Client Components in Benchmarks um 45%; Relevanz: Optimierung von UI-Rendering, schnelleres  | Source: https://react.dev/blog/2026/03/18/server-components-benchmarks
[2026-03-14T15:39:44.805Z] [PragmatistPete] LEARNING_SUCCESS | Fact: 2026-03-19 Next.js 15.1 patch behebt XSS-Schwachstelle in Dynamic Routes; Relevanz: Kritische Sicherheitsverbesserung, S | Source: https://github.com/vercel/next.js/security/advisories/GHSA-v47x-8q6g-r3xw
[2026-03-14T15:39:44.807Z] [PragmatistPete] LEARNING_SUCCESS | Fact: 2026-03-20 Drizzle v0.29 unterstützt Edge Functions nativ; Reduzierung der Bundlegröße um 70%; Relevanz: Serverless Anwe | Source: https://github.com/drizzle-orm/drizzle/releases/tag/v0.29.0
[2026-03-14T15:39:44.808Z] [PragmatistPete] CONSOLIDATE_START | 30 entries
[2026-03-14T15:40:40.675Z] [SYSTEM] BOTS_JOINED | thread=64dff05a-9331-492f-b483-0b60dd4eeb4f | 15 bots: PragmatistPete, PhilosopherPhil, DevilsAdvocateDave, ScientistSam, RealistRachel, TechSearcherTimo, StatusQuoSven, CreativeCarla, NetworkerNina, SeniorSiegfried, PoliticalPetra, ResearcherRex, Huy, QuantizeKlaus, GCPBaumeister
[2026-03-14T15:40:40.674Z] [SYSTEM] BOT_PROBABILITIES | thread=64dff05a-9331-492f-b483-0b60dd4eeb4f | PragmatistPete: 75%, PhilosopherPhil: 60%, TechGuruTara: 80%, EmpathyEmma: 30%, DevilsAdvocateDave: 70%, ScientistSam: 90%, OptimistOlivia: 40%, RealistRachel: 70%, GrumpyGus: 50%, WisdomWendy: 65%, LawyerLars: 20%, TechSearcherTimo: 85%, StatusQuoSven: 15%, CoachKlara: 35%, StartupStefan: 45%, BudgetBernd: 25%, CreativeCarla: 30%, DataDieter: 80%, NetworkerNina: 10%, SeniorSiegfried: 70%, PoliticalPetra: 30%, ResearcherRex: 95%, Huy: 60%, GanttGandalf: 40%, RegioFuchs: 10%, QuantizeKlaus: 75%, GCPBaumeister: 65%, OberschwesterRuth: 20%, AkteSicher: 10%
[2026-03-14T15:40:41.881Z] [CreativeCarla] TYPING | task=analyze thread=64dff05a-9331-492f-b483-0b60dd4eeb4f
[2026-03-14T15:44:16.514Z] [CreativeCarla] RESPONSE | task=analyze thread=64dff05a-9331-492f-b483-0b60dd4eeb4f chars=2134
[2026-03-14T15:44:24.523Z] [Huy] TYPING | task=tech_solution thread=64dff05a-9331-492f-b483-0b60dd4eeb4f
[2026-03-14T21:35:26.895Z] [USER] THREAD_CLOSED | thread=64dff05a-9331-492f-b483-0b60dd4eeb4f
[2026-03-14T21:35:26.895Z] [SYSTEM] THREAD_CLOSED | thread=64dff05a-9331-492f-b483-0b60dd4eeb4f verdict=user_closed
[2026-03-14T21:35:27.617Z] [SYSTEM] BOTS_JOINED | thread=64dff05a-9331-492f-b483-0b60dd4eeb4f | 29 bots: PragmatistPete, PhilosopherPhil, TechGuruTara, EmpathyEmma, DevilsAdvocateDave, ScientistSam, OptimistOlivia, RealistRachel, GrumpyGus, WisdomWendy, LawyerLars, TechSearcherTimo, StatusQuoSven, CoachKlara, StartupStefan, BudgetBernd, CreativeCarla, DataDieter, NetworkerNina, SeniorSiegfried, PoliticalPetra, ResearcherRex, Huy, GanttGandalf, RegioFuchs, QuantizeKlaus, GCPBaumeister, OberschwesterRuth, AkteSicher
[2026-03-14T21:35:28.827Z] [DataDieter] TYPING | task=analyze thread=64dff05a-9331-492f-b483-0b60dd4eeb4f
[2026-03-14T21:35:33.992Z] [DataDieter] ERROR | task=analyze | 400 Failed to load model "gemma-3-27b-it-qat". Error: Model loading was stopped due to insufficient system resources. Under the current settings, this model requires approximately 104.62 GB of memory, and continuing to load it would likely overload your system and cause it to freeze. If you think this is incorrect, you can adjust the model loading guardrails in settings.
[2026-03-14T21:35:42.005Z] [PragmatistPete] TYPING | task=tech_solution thread=64dff05a-9331-492f-b483-0b60dd4eeb4f
[2026-03-14T21:35:47.728Z] [PragmatistPete] ERROR | task=tech_solution | 400 Failed to load model "gemma-3-27b-it-qat". Error: Model loading was stopped due to insufficient system resources. Under the current settings, this model requires approximately 104.62 GB of memory, and continuing to load it would likely overload your system and cause it to freeze. If you think this is incorrect, you can adjust the model loading guardrails in settings.
[2026-03-14T21:35:51.365Z] [SYSTEM] LEARNING_ROUND_START | 5 bots selected
[2026-03-14T21:35:51.366Z] [OptimistOlivia] LEARNING_START | Has 24 existing memories
[2026-03-14T21:35:55.525Z] [OptimistOlivia] LEARNING_ERROR | 400 Failed to load model "gemma-3-27b-it-qat". Error: Model loading was stopped due to insufficient system resources. Under the current settings, this model requires approximately 104.62 GB of memory, and continuing to load it would likely overload your system and cause it to freeze. If you think this is incorrect, you can adjust the model loading guardrails in settings.
[2026-03-14T21:35:55.740Z] [GanttGandalf] TYPING | task=org_solution thread=64dff05a-9331-492f-b483-0b60dd4eeb4f
[2026-03-14T21:36:00.536Z] [PoliticalPetra] LEARNING_START | Has 10 existing memories
[2026-03-14T21:36:01.947Z] [GanttGandalf] ERROR | task=org_solution | 400 Failed to load model "gemma-3-27b-it-qat". Error: Model loading was stopped due to insufficient system resources. Under the current settings, this model requires approximately 104.62 GB of memory, and continuing to load it would likely overload your system and cause it to freeze. If you think this is incorrect, you can adjust the model loading guardrails in settings.
[2026-03-14T21:36:05.712Z] [PoliticalPetra] LEARNING_ERROR | 400 Failed to load model "gemma-3-27b-it-qat". Error: Model loading was stopped due to insufficient system resources. Under the current settings, this model requires approximately 104.62 GB of memory, and continuing to load it would likely overload your system and cause it to freeze. If you think this is incorrect, you can adjust the model loading guardrails in settings.
[2026-03-14T21:36:09.948Z] [DevilsAdvocateDave] TYPING | task=pro_argument thread=64dff05a-9331-492f-b483-0b60dd4eeb4f
[2026-03-14T21:36:10.714Z] [StatusQuoSven] LEARNING_START | Has 18 existing memories
[2026-03-14T21:43:07.177Z] [SYSTEM] LEARNING_ROUND_START | 5 bots selected
[2026-03-14T21:43:07.183Z] [OptimistOlivia] LEARNING_START | Has 24 existing memories
[2026-03-14T21:43:15.322Z] [OptimistOlivia] LEARNING_ERROR | 400 Failed to load model "gemma-3-27b-it-qat". Error: Model loading was stopped due to insufficient system resources. Under the current settings, this model requires approximately 104.62 GB of memory, and continuing to load it would likely overload your system and cause it to freeze. If you think this is incorrect, you can adjust the model loading guardrails in settings.
[2026-03-14T21:43:20.331Z] [TechSearcherTimo] LEARNING_START | Has 26 existing memories
[2026-03-14T21:43:28.035Z] [TechSearcherTimo] LEARNING_ERROR | 400 Failed to load model "gemma-3-27b-it-qat". Error: Model loading was stopped due to insufficient system resources. Under the current settings, this model requires approximately 104.62 GB of memory, and continuing to load it would likely overload your system and cause it to freeze. If you think this is incorrect, you can adjust the model loading guardrails in settings.
[2026-03-14T21:43:33.038Z] [GanttGandalf] LEARNING_START | Has 27 existing memories
[2026-03-14T21:43:40.665Z] [GanttGandalf] LEARNING_ERROR | 400 Failed to load model "gemma-3-27b-it-qat". Error: Model loading was stopped due to insufficient system resources. Under the current settings, this model requires approximately 104.62 GB of memory, and continuing to load it would likely overload your system and cause it to freeze. If you think this is incorrect, you can adjust the model loading guardrails in settings.
[2026-03-14T21:44:22.093Z] [SYSTEM] BOTS_JOINED | thread=4dab5845-9638-4282-bd80-b9382c12e023 | 29 bots: PragmatistPete, PhilosopherPhil, TechGuruTara, EmpathyEmma, DevilsAdvocateDave, ScientistSam, OptimistOlivia, RealistRachel, GrumpyGus, WisdomWendy, LawyerLars, TechSearcherTimo, StatusQuoSven, CoachKlara, StartupStefan, BudgetBernd, CreativeCarla, DataDieter, NetworkerNina, SeniorSiegfried, PoliticalPetra, ResearcherRex, Huy, GanttGandalf, RegioFuchs, QuantizeKlaus, GCPBaumeister, OberschwesterRuth, AkteSicher
[2026-03-14T21:44:23.296Z] [ScientistSam] TYPING | task=analyze thread=4dab5845-9638-4282-bd80-b9382c12e023
[2026-03-14T21:44:38.365Z] [ScientistSam] ERROR | task=analyze | 400 Failed to load model "gemma-3-27b-it-qat". Error: Model loading was stopped due to insufficient system resources. Under the current settings, this model requires approximately 104.62 GB of memory, and continuing to load it would likely overload your system and cause it to freeze. If you think this is incorrect, you can adjust the model loading guardrails in settings.
[2026-03-14T21:44:46.373Z] [TechSearcherTimo] TYPING | task=tech_solution thread=4dab5845-9638-4282-bd80-b9382c12e023
[2026-03-14T21:45:01.739Z] [TechSearcherTimo] ERROR | task=tech_solution | 400 Failed to load model "gemma-3-27b-it-qat". Error: Model loading was stopped due to insufficient system resources. Under the current settings, this model requires approximately 104.62 GB of memory, and continuing to load it would likely overload your system and cause it to freeze. If you think this is incorrect, you can adjust the model loading guardrails in settings.
[2026-03-14T21:45:09.752Z] [StatusQuoSven] TYPING | task=org_solution thread=4dab5845-9638-4282-bd80-b9382c12e023
[2026-03-14T21:45:21.204Z] [StatusQuoSven] ERROR | task=org_solution | 400 Failed to load model "gemma-3-27b-it-qat". Error: Model loading was stopped due to insufficient system resources. Under the current settings, this model requires approximately 104.62 GB of memory, and continuing to load it would likely overload your system and cause it to freeze. If you think this is incorrect, you can adjust the model loading guardrails in settings.
[2026-03-14T21:45:29.209Z] [GCPBaumeister] TYPING | task=pro_argument thread=4dab5845-9638-4282-bd80-b9382c12e023
[2026-03-14T21:45:34.938Z] [GCPBaumeister] ERROR | task=pro_argument | 400 Failed to load model "gemma-3-27b-it-qat". Error: Model loading was stopped due to insufficient system resources. Under the current settings, this model requires approximately 104.62 GB of memory, and continuing to load it would likely overload your system and cause it to freeze. If you think this is incorrect, you can adjust the model loading guardrails in settings.
[2026-03-14T21:45:42.946Z] [PollmasterPaul] TYPING | task=create_poll thread=4dab5845-9638-4282-bd80-b9382c12e023
[2026-03-14T21:45:50.670Z] [PollmasterPaul] ERROR | task=create_poll | 400 Failed to load model "gemma-3-27b-it-qat". Error: Model loading was stopped due to insufficient system resources. Under the current settings, this model requires approximately 104.62 GB of memory, and continuing to load it would likely overload your system and cause it to freeze. If you think this is incorrect, you can adjust the model loading guardrails in settings.
[2026-03-14T21:45:58.681Z] [ResearcherRex] TYPING | task=contra_argument thread=4dab5845-9638-4282-bd80-b9382c12e023
[2026-03-14T21:47:30.195Z] [ResearcherRex] RESPONSE | task=contra_argument thread=4dab5845-9638-4282-bd80-b9382c12e023 chars=1305 stance=contra
[2026-03-14T21:47:38.201Z] [GrumpyGus] TYPING | task=pro_argument thread=4dab5845-9638-4282-bd80-b9382c12e023
[2026-03-14T21:48:02.711Z] [GrumpyGus] RESPONSE | task=pro_argument thread=4dab5845-9638-4282-bd80-b9382c12e023 chars=29 stance=pro
[2026-03-14T21:48:10.713Z] [WisdomWendy] TYPING | task=contra_argument thread=4dab5845-9638-4282-bd80-b9382c12e023
[2026-03-14T21:49:02.304Z] [WisdomWendy] RESPONSE | task=contra_argument thread=4dab5845-9638-4282-bd80-b9382c12e023 chars=1684 stance=contra
[2026-03-14T21:49:10.308Z] [ModeratorMike] TYPING | task=moderate thread=4dab5845-9638-4282-bd80-b9382c12e023
[2026-03-14T21:49:54.232Z] [ModeratorMike] RESPONSE | task=moderate thread=4dab5845-9638-4282-bd80-b9382c12e023 chars=1565
[2026-03-14T21:50:02.239Z] [OberschwesterRuth] TYPING | task=rate_solutions thread=4dab5845-9638-4282-bd80-b9382c12e023
[2026-03-14T21:51:02.874Z] [OberschwesterRuth] RESPONSE | task=rate_solutions thread=4dab5845-9638-4282-bd80-b9382c12e023 chars=1694
[2026-03-14T21:51:10.878Z] [GrumpyGus] TYPING | task=bot_direct_reply thread=4dab5845-9638-4282-bd80-b9382c12e023
[2026-03-14T21:52:13.287Z] [GrumpyGus] RESPONSE | task=bot_direct_reply thread=4dab5845-9638-4282-bd80-b9382c12e023 chars=1638
[2026-03-14T21:52:21.301Z] [SeniorSiegfried] TYPING | task=upvote_comments thread=4dab5845-9638-4282-bd80-b9382c12e023
[2026-03-14T21:53:04.784Z] [SeniorSiegfried] RESPONSE | task=upvote_comments thread=4dab5845-9638-4282-bd80-b9382c12e023 chars=1042
[2026-03-14T21:53:12.793Z] [TechGuruTara] TYPING | task=upvote_comments thread=4dab5845-9638-4282-bd80-b9382c12e023
[2026-03-14T23:50:05.898Z] [SYSTEM] BOT_PROBABILITIES | thread=4dab5845-9638-4282-bd80-b9382c12e023 | PragmatistPete: 75%, PhilosopherPhil: 40%, TechGuruTara: 60%, EmpathyEmma: 80%, DevilsAdvocateDave: 30%, ScientistSam: 20%, OptimistOlivia: 50%, RealistRachel: 65%, GrumpyGus: 70%, WisdomWendy: 45%, LawyerLars: 10%, TechSearcherTimo: 35%, StatusQuoSven: 25%, CoachKlara: 55%, StartupStefan: 15%, BudgetBernd: 20%, CreativeCarla: 30%, DataDieter: 10%, NetworkerNina: 20%, SeniorSiegfried: 60%, PoliticalPetra: 10%, ResearcherRex: 40%, Huy: 50%, GanttGandalf: 30%, RegioFuchs: 20%, QuantizeKlaus: 10%, GCPBaumeister: 5%, OberschwesterRuth: 10%, AkteSicher: 5%
[2026-03-14T23:50:05.899Z] [SYSTEM] BOTS_JOINED | thread=4dab5845-9638-4282-bd80-b9382c12e023 | 15 bots: PragmatistPete, TechGuruTara, DevilsAdvocateDave, OptimistOlivia, RealistRachel, GrumpyGus, WisdomWendy, TechSearcherTimo, StatusQuoSven, CoachKlara, StartupStefan, CreativeCarla, NetworkerNina, ResearcherRex, Huy
[2026-03-14T23:50:07.107Z] [NetworkerNina] TYPING | task=analyze thread=4dab5845-9638-4282-bd80-b9382c12e023
[2026-03-14T23:51:28.724Z] [NetworkerNina] RESPONSE | task=analyze thread=4dab5845-9638-4282-bd80-b9382c12e023 chars=1753
[2026-03-15T00:21:59.282Z] [SYSTEM] BOTS_JOINED | thread=481f8ef1-fb59-41c1-b475-cca9aaba26a6 | 12 bots: PragmatistPete, EmpathyEmma, OptimistOlivia, RealistRachel, WisdomWendy, TechSearcherTimo, CoachKlara, StartupStefan, BudgetBernd, CreativeCarla, SeniorSiegfried, GanttGandalf
[2026-03-15T00:21:59.281Z] [SYSTEM] BOT_PROBABILITIES | thread=481f8ef1-fb59-41c1-b475-cca9aaba26a6 | PragmatistPete: 60%, PhilosopherPhil: 40%, TechGuruTara: 75%, EmpathyEmma: 90%, DevilsAdvocateDave: 30%, ScientistSam: 20%, OptimistOlivia: 50%, RealistRachel: 65%, GrumpyGus: 70%, WisdomWendy: 45%, LawyerLars: 10%, TechSearcherTimo: 35%, StatusQuoSven: 25%, CoachKlara: 70%, StartupStefan: 15%, BudgetBernd: 20%, CreativeCarla: 40%, DataDieter: 10%, NetworkerNina: 30%, SeniorSiegfried: 55%, PoliticalPetra: 10%, ResearcherRex: 20%, Huy: 60%, GanttGandalf: 30%, RegioFox: 10%, QuantizeKlaus: 20%, GCPArchitect: 10%, HeadNurseRuth: 15%, DataGuard: 5%
[2026-03-15T00:22:00.497Z] [PragmatistPete] TYPING | task=analyze thread=481f8ef1-fb59-41c1-b475-cca9aaba26a6
[2026-03-15T00:22:42.192Z] [PragmatistPete] RESPONSE | task=analyze thread=481f8ef1-fb59-41c1-b475-cca9aaba26a6 chars=1453
[2026-03-15T00:22:50.195Z] [EmpathyEmma] TYPING | task=tech_solution thread=481f8ef1-fb59-41c1-b475-cca9aaba26a6
[2026-03-15T00:23:49.987Z] [EmpathyEmma] RESPONSE | task=tech_solution thread=481f8ef1-fb59-41c1-b475-cca9aaba26a6 chars=2119 +solution(tech)
[2026-03-15T00:23:58.003Z] [PragmatistPete] TYPING | task=bot_direct_reply thread=481f8ef1-fb59-41c1-b475-cca9aaba26a6
[2026-03-15T00:24:44.396Z] [PragmatistPete] RESPONSE | task=bot_direct_reply thread=481f8ef1-fb59-41c1-b475-cca9aaba26a6 chars=1512
[2026-03-15T00:24:52.403Z] [OptimistOlivia] TYPING | task=org_solution thread=481f8ef1-fb59-41c1-b475-cca9aaba26a6
[2026-03-15T00:25:39.776Z] [OptimistOlivia] RESPONSE | task=org_solution thread=481f8ef1-fb59-41c1-b475-cca9aaba26a6 chars=1600 +solution(tech)
[2026-03-15T00:25:47.781Z] [PragmatistPete] TYPING | task=bot_direct_reply thread=481f8ef1-fb59-41c1-b475-cca9aaba26a6
[2026-03-15T00:26:23.632Z] [PragmatistPete] ERROR | task=bot_direct_reply | 400 Failed to load model "gemma-3-27b-it-qat". Error: Model loading was stopped due to insufficient system resources. Under the current settings, this model requires approximately 104.62 GB of memory, and continuing to load it would likely overload your system and cause it to freeze. If you think this is incorrect, you can adjust the model loading guardrails in settings.
[2026-03-15T00:26:31.641Z] [StartupStefan] TYPING | task=pro_argument thread=481f8ef1-fb59-41c1-b475-cca9aaba26a6
[2026-03-15T06:48:38.267Z] [SYSTEM] BOT_PROBABILITIES | thread=481f8ef1-fb59-41c1-b475-cca9aaba26a6 | PragmatistPete: 60%, PhilosopherPhil: 55%, TechGuruTara: 75%, EmpathyEmma: 90%, DevilsAdvocateDave: 40%, ScientistSam: 30%, OptimistOlivia: 65%, RealistRachel: 70%, GrumpyGus: 80%, WisdomWendy: 50%, LawyerLars: 10%, TechSearcherTimo: 65%, StatusQuoSven: 35%, CoachKlara: 70%, StartupStefan: 20%, BudgetBernd: 40%, CreativeCarla: 35%, DataDieter: 25%, NetworkerNina: 15%, SeniorSiegfried: 60%, PoliticalPetra: 10%, ResearcherRex: 45%, Huy: 50%, GanttGandalf: 30%, RegioFox: 10%, QuantizeKlaus: 20%, GCPArchitect: 10%, HeadNurseRuth: 10%, DataGuard: 10%
[2026-03-15T06:48:38.268Z] [SYSTEM] BOTS_JOINED | thread=481f8ef1-fb59-41c1-b475-cca9aaba26a6 | 12 bots: PragmatistPete, PhilosopherPhil, EmpathyEmma, RealistRachel, GrumpyGus, WisdomWendy, TechSearcherTimo, StatusQuoSven, CoachKlara, SeniorSiegfried, ResearcherRex, HeadNurseRuth
[2026-03-15T06:48:39.474Z] [TechSearcherTimo] TYPING | task=analyze thread=481f8ef1-fb59-41c1-b475-cca9aaba26a6
[2026-03-15T06:49:35.356Z] [TechSearcherTimo] RESPONSE | task=analyze thread=481f8ef1-fb59-41c1-b475-cca9aaba26a6 chars=1744
[2026-03-15T06:49:43.369Z] [PragmatistPete] TYPING | task=bot_direct_reply thread=481f8ef1-fb59-41c1-b475-cca9aaba26a6
[2026-03-15T06:50:26.317Z] [PragmatistPete] RESPONSE | task=bot_direct_reply thread=481f8ef1-fb59-41c1-b475-cca9aaba26a6 chars=1279
[2026-03-15T06:50:34.325Z] [RealistRachel] TYPING | task=tech_solution thread=481f8ef1-fb59-41c1-b475-cca9aaba26a6
[2026-03-15T06:51:29.341Z] [RealistRachel] RESPONSE | task=tech_solution thread=481f8ef1-fb59-41c1-b475-cca9aaba26a6 chars=1710 +solution(tech)
[2026-03-15T06:51:37.351Z] [GrumpyGus] TYPING | task=org_solution thread=481f8ef1-fb59-41c1-b475-cca9aaba26a6
[2026-03-15T06:52:41.606Z] [GrumpyGus] RESPONSE | task=org_solution thread=481f8ef1-fb59-41c1-b475-cca9aaba26a6 chars=1823 +solution(org)
[2026-03-15T06:52:49.618Z] [StatusQuoSven] TYPING | task=pro_argument thread=481f8ef1-fb59-41c1-b475-cca9aaba26a6
[2026-03-15T06:53:39.645Z] [StatusQuoSven] RESPONSE | task=pro_argument thread=481f8ef1-fb59-41c1-b475-cca9aaba26a6 chars=1240 stance=pro
[2026-03-15T06:53:47.657Z] [PollmasterPaul] TYPING | task=create_poll thread=481f8ef1-fb59-41c1-b475-cca9aaba26a6
[2026-03-15T06:55:03.377Z] [PollmasterPaul] RESPONSE | task=create_poll thread=481f8ef1-fb59-41c1-b475-cca9aaba26a6 chars=1765
[2026-03-15T06:55:03.378Z] [PollmasterPaul] POLL_CREATED | question="Which solution should be implemented?" options=4
[2026-03-15T06:55:11.394Z] [VerdictVictor] TYPING | task=vote_poll thread=481f8ef1-fb59-41c1-b475-cca9aaba26a6
[2026-03-15T06:55:54.500Z] [VerdictVictor] POLL_VOTE | option=1 "Create a “Problem Decomposition Log.” It’s just a notebook or text file where the user writes down *exactly* what they want to achieve, then breaks it down into the smallest possible tasks."
[2026-03-15T06:55:54.499Z] [VerdictVictor] RESPONSE | task=vote_poll thread=481f8ef1-fb59-41c1-b475-cca9aaba26a6 chars=955
[2026-03-15T06:56:02.503Z] [EmpathyEmma] TYPING | task=vote_poll thread=481f8ef1-fb59-41c1-b475-cca9aaba26a6
[2026-03-15T06:56:50.627Z] [EmpathyEmma] RESPONSE | task=vote_poll thread=481f8ef1-fb59-41c1-b475-cca9aaba26a6 chars=974
[2026-03-15T06:56:50.627Z] [EmpathyEmma] POLL_VOTE | option=1 "Create a “Problem Decomposition Log.” It’s just a notebook or text file where the user writes down *exactly* what they want to achieve, then breaks it down into the smallest possible tasks."
[2026-03-15T06:56:58.629Z] [DataDieter] TYPING | task=vote_poll thread=481f8ef1-fb59-41c1-b475-cca9aaba26a6
[2026-03-15T06:57:45.263Z] [DataDieter] RESPONSE | task=vote_poll thread=481f8ef1-fb59-41c1-b475-cca9aaba26a6 chars=1014
[2026-03-15T06:57:45.263Z] [DataDieter] POLL_VOTE | option=1 "Create a “Problem Decomposition Log.” It’s just a notebook or text file where the user writes down *exactly* what they want to achieve, then breaks it down into the smallest possible tasks."
[2026-03-15T06:57:53.268Z] [PragmatistPete] TYPING | task=vote_poll thread=481f8ef1-fb59-41c1-b475-cca9aaba26a6
[2026-03-15T06:58:43.328Z] [PragmatistPete] RESPONSE | task=vote_poll thread=481f8ef1-fb59-41c1-b475-cca9aaba26a6 chars=665
[2026-03-15T06:58:43.328Z] [PragmatistPete] POLL_VOTE | option=1 "Create a “Problem Decomposition Log.” It’s just a notebook or text file where the user writes down *exactly* what they want to achieve, then breaks it down into the smallest possible tasks."
[2026-03-15T06:58:51.332Z] [WisdomWendy] TYPING | task=vote_poll thread=481f8ef1-fb59-41c1-b475-cca9aaba26a6
[2026-03-15T06:59:36.884Z] [WisdomWendy] RESPONSE | task=vote_poll thread=481f8ef1-fb59-41c1-b475-cca9aaba26a6 chars=803
[2026-03-15T06:59:36.884Z] [WisdomWendy] POLL_VOTE | option=1 "Create a “Problem Decomposition Log.” It’s just a notebook or text file where the user writes down *exactly* what they want to achieve, then breaks it down into the smallest possible tasks."
[2026-03-15T06:59:44.898Z] [NetworkerNina] TYPING | task=vote_poll thread=481f8ef1-fb59-41c1-b475-cca9aaba26a6
[2026-03-15T07:00:38.014Z] [NetworkerNina] RESPONSE | task=vote_poll thread=481f8ef1-fb59-41c1-b475-cca9aaba26a6 chars=989
[2026-03-15T07:00:38.014Z] [NetworkerNina] POLL_VOTE | option=1 "Create a “Problem Decomposition Log.” It’s just a notebook or text file where the user writes down *exactly* what they want to achieve, then breaks it down into the smallest possible tasks."
[2026-03-15T07:00:46.026Z] [LawyerLars] TYPING | task=vote_poll thread=481f8ef1-fb59-41c1-b475-cca9aaba26a6
[2026-03-15T07:01:39.595Z] [LawyerLars] RESPONSE | task=vote_poll thread=481f8ef1-fb59-41c1-b475-cca9aaba26a6 chars=1136
[2026-03-15T07:01:39.596Z] [LawyerLars] POLL_VOTE | option=1 "Create a “Problem Decomposition Log.” It’s just a notebook or text file where the user writes down *exactly* what they want to achieve, then breaks it down into the smallest possible tasks."
[2026-03-15T07:01:47.606Z] [OptimistOlivia] TYPING | task=vote_poll thread=481f8ef1-fb59-41c1-b475-cca9aaba26a6
[2026-03-15T07:02:39.880Z] [OptimistOlivia] RESPONSE | task=vote_poll thread=481f8ef1-fb59-41c1-b475-cca9aaba26a6 chars=1123
[2026-03-15T07:02:39.881Z] [OptimistOlivia] POLL_VOTE | option=1 "Create a “Problem Decomposition Log.” It’s just a notebook or text file where the user writes down *exactly* what they want to achieve, then breaks it down into the smallest possible tasks."
[2026-03-15T07:02:47.890Z] [LawyerLars] TYPING | task=bot_direct_reply thread=481f8ef1-fb59-41c1-b475-cca9aaba26a6
[2026-03-15T07:03:23.835Z] [LawyerLars] RESPONSE | task=bot_direct_reply thread=481f8ef1-fb59-41c1-b475-cca9aaba26a6 chars=1401
[2026-03-15T07:03:31.852Z] [ModeratorMike] TYPING | task=vote_poll thread=481f8ef1-fb59-41c1-b475-cca9aaba26a6
[2026-03-15T07:07:21.353Z] [SYSTEM] BOTS_JOINED | thread=481f8ef1-fb59-41c1-b475-cca9aaba26a6 | 11 bots: PragmatistPete, TechGuruTara, EmpathyEmma, OptimistOlivia, RealistRachel, TechSearcherTimo, StatusQuoSven, SeniorSiegfried, ResearcherRex, GanttGandalf, RegioFox
[2026-03-15T07:07:21.353Z] [SYSTEM] BOT_PROBABILITIES | thread=481f8ef1-fb59-41c1-b475-cca9aaba26a6 | PragmatistPete: 70%, PhilosopherPhil: 40%, TechGuruTara: 65%, EmpathyEmma: 80%, DevilsAdvocateDave: 30%, ScientistSam: 20%, OptimistOlivia: 50%, RealistRachel: 60%, GrumpyGus: 75%, WisdomWendy: 45%, LawyerLars: 10%, TechSearcherTimo: 35%, StatusQuoSven: 25%, CoachKlara: 55%, StartupStefan: 15%, BudgetBernd: 20%, CreativeCarla: 30%, DataDieter: 10%, NetworkerNina: 20%, SeniorSiegfried: 60%, PoliticalPetra: 10%, ResearcherRex: 40%, Huy: 50%, GanttGandalf: 30%, RegioFox: 10%, QuantizeKlaus: 25%, GCPArchitect: 10%, HeadNurseRuth: 10%, DataGuard: 5%
[2026-03-15T07:07:22.561Z] [EmpathyEmma] TYPING | task=analyze thread=481f8ef1-fb59-41c1-b475-cca9aaba26a6
[2026-03-15T07:07:38.559Z] [PragmatistPete] LEARNING_START | Has 0 existing memories
[2026-03-15T07:07:54.542Z] [PragmatistPete] LEARNING_SUCCESS | Fact: Übermäßige Analyse und Entscheidungsunfähigkeit kosten Fortune 500 Unternehmen jährlich bis zu 250 Millionen Dollar und  | Source: https://vertexaisearch.cloud.google.com/grounding-api-redirect/AUZIYQEZIK1a0HQowDbRv---9MRrN10BM4cKl4XaZXlBtn6hmzKusN3YieLn2uPkpXesbDz2GoBbyudW09a8yQmbKHnHJqOUIBwonSnmK9XdFkqpPHuxq2IRVtwMHZv7XSKhLVjymtCrMy0u1ZRKBIIYsuH4ig==
[2026-03-15T07:07:54.543Z] [PragmatistPete] LEARNING_SUCCESS | Fact: Startups, die einen Minimum Viable Product (MVP)-Ansatz nutzen, haben eine um 60% höhere Erfolgsrate und erreichen den M | Source: https://vertexaisearch.cloud.google.com/grounding-api-redirect/AUZIYQEZDLCuOKjnZXCwDdnPJZNayYgCFffLhjmiT5HzYIMlx36VWIn-LQOo7wx-TX8l2OZbFANlhTUn35xB5g5orJcaNw5Nb5GzMVYApSSl2phIxLcoP0vARh9BL9to8iPFi71Bk-EON5Nn3Xm2bbeKCdcv58sIdA==
[2026-03-15T07:08:40.930Z] [PragmatistPete] LEARNING_START | Has 2 existing memories
[2026-03-15T07:08:42.005Z] [EmpathyEmma] RESPONSE | task=analyze thread=481f8ef1-fb59-41c1-b475-cca9aaba26a6 chars=1611
[2026-03-15T07:08:50.017Z] [LawyerLars] TYPING | task=bot_direct_reply thread=481f8ef1-fb59-41c1-b475-cca9aaba26a6
[2026-03-15T07:08:54.392Z] [PragmatistPete] LEARNING_SUCCESS | Fact: Perfektionismus kostet Unternehmen jährlich 26 Arbeitstage pro Mitarbeiter und in Deutschland insgesamt 135 Milliarden E | Source: https://vertexaisearch.cloud.google.com/grounding-api-redirect/AUZIYQFB1coJIUom6LA1p3npocKHADwbDQRiPxySU4pnPdJBAlW16U_ePCgaXNBd4TycxllUtrFlQtq33qEjhTmaSexhghbL4YAsN8GvSz6SulaTbdpC-6R7c9bhcjwKBqLAWqgzOmCWX4DvrLxayy_hnZUIk1Ny8CbGKuaVWGDfiMHMZkVmDvDZQd__
[2026-03-15T07:08:54.392Z] [PragmatistPete] LEARNING_SUCCESS | Fact: Das Pareto-Prinzip besagt, dass 80% der Ergebnisse mit nur 20% des Aufwands erreicht werden können; die letzten 20% Perf | Source: https://vertexaisearch.cloud.google.com/grounding-api-redirect/AUZIYQGkeAboH1r6lqOQ6AWLK4JXETSZ6Y-dJoRQ8FPqN9l4IELZp4zlim3Snug5nhnd1C1iMl6B0UVE8MvYGWrjTpReBCtLxlnVdVdGzSemp1a4jIlerUJcJOqTKcc3L6u03VIRREphV0EEhEg3ptgblERxFHee1LJqqiRDKzo=
[2026-03-15T07:09:50.353Z] [LawyerLars] RESPONSE | task=bot_direct_reply thread=481f8ef1-fb59-41c1-b475-cca9aaba26a6 chars=1279
[2026-03-15T07:09:58.359Z] [ResearcherRex] TYPING | task=tech_solution thread=481f8ef1-fb59-41c1-b475-cca9aaba26a6
[2026-03-15T07:11:14.034Z] [ResearcherRex] RESPONSE | task=tech_solution thread=481f8ef1-fb59-41c1-b475-cca9aaba26a6 chars=1656 +solution(tech)
[2026-03-15T07:11:22.035Z] [TechGuruTara] TYPING | task=org_solution thread=481f8ef1-fb59-41c1-b475-cca9aaba26a6
[2026-03-15T07:12:47.598Z] [TechGuruTara] RESPONSE | task=org_solution thread=481f8ef1-fb59-41c1-b475-cca9aaba26a6 chars=1872 +solution(org)
[2026-03-15T07:12:55.604Z] [TechSearcherTimo] TYPING | task=pro_argument thread=481f8ef1-fb59-41c1-b475-cca9aaba26a6
[2026-03-15T07:14:00.561Z] [TechSearcherTimo] RESPONSE | task=pro_argument thread=481f8ef1-fb59-41c1-b475-cca9aaba26a6 chars=949 stance=pro
[2026-03-15T07:14:08.568Z] [PollmasterPaul] TYPING | task=create_poll thread=481f8ef1-fb59-41c1-b475-cca9aaba26a6
[2026-03-15T07:15:58.952Z] [PollmasterPaul] RESPONSE | task=create_poll thread=481f8ef1-fb59-41c1-b475-cca9aaba26a6 chars=2010
[2026-03-15T07:15:58.953Z] [PollmasterPaul] POLL_CREATED | question="Which solution should be implemented?" options=6
[2026-03-15T07:16:06.960Z] [RegioFox] TYPING | task=vote_poll thread=481f8ef1-fb59-41c1-b475-cca9aaba26a6
[2026-03-15T07:17:17.118Z] [RegioFox] RESPONSE | task=vote_poll thread=481f8ef1-fb59-41c1-b475-cca9aaba26a6 chars=977
[2026-03-15T07:17:17.120Z] [RegioFox] POLL_VOTE | option=2 "Implement a “Reverse Engineering Ritual” – before *any* technical intervention, the user must write down (or verbally articulate to a buddy) three things: 1) What specifically are they trying to achieve? 2) What steps have they already taken? And 3) What is the absolute worst-case scenario?"
[2026-03-15T07:17:25.133Z] [TechSearcherTimo] TYPING | task=bot_direct_reply thread=481f8ef1-fb59-41c1-b475-cca9aaba26a6
[2026-03-15T07:19:25.151Z] [PragmatistPete] LEARNING_START | Has 0 existing memories
[2026-03-15T07:19:36.778Z] [PragmatistPete] LEARNING_SUCCESS | Fact: Analysis paralysis, fueled by overthinking and the fear of making the wrong choice, actively leads to missed opportuniti | Source: https://vertexaisearch.cloud.google.com/grounding-api-redirect/AUZIYQGEBiuj6IWBpsU_khXtn3qlFX-msbUK7yXrXxof-xkYPaaBmZ1pEkXJa67szeenKUAuyj2KN2mt63Nwg_7icxmUrSfiTP-8AgDReJ1XYhx_YmRHRyomW-V1Vd1KC0DKvnYktzxMSRpEuNwzsIXgllzH9MT9KVKOFZ5ZJwbvYQ09n46A1I1KNQynhULtfv1R1SABVPqVYiDdfeoe1RCqrYzjZE=
[2026-03-15T07:19:36.779Z] [PragmatistPete] LEARNING_SUCCESS | Fact: Hands-on, practical experience is overwhelmingly cited as more effective for genuine learning and crucial for real-world | Source: https://vertexaisearch.cloud.google.com/grounding-api-redirect/AUZIYQEN0TIg0U5O3LeNXh3ovsQ02KqqVSJLFgmvd08atyzyIUpqo4PeROn0rIKGYWHWWSuRgNDKEc2aXY7eTf4O3Fa-k_3hX-jNjHSj_97SCsPegvlKvY93eAR3jgidpQOzRQMO7x0pJE6jKLW217JC00MzTrH7it6y19e6ieXBC_e6ewx37v-_f4i24AAv1L3ei0eKH4W4SfIQed9AMWMnsskR_bz0-OXZFbdNn6s=
[2026-03-15T07:20:09.739Z] [SYSTEM] BOT_PROBABILITIES | thread=481f8ef1-fb59-41c1-b475-cca9aaba26a6 | PragmatistPete: 60%, PhilosopherPhil: 45%, TechGuruTara: 75%, EmpathyEmma: 80%, DevilsAdvocateDave: 30%, ScientistSam: 20%, OptimistOlivia: 50%, RealistRachel: 65%, GrumpyGus: 70%, WisdomWendy: 40%, LawyerLars: 10%, TechSearcherTimo: 60%, StatusQuoSven: 25%, CoachKlara: 70%, StartupStefan: 35%, BudgetBernd: 40%, CreativeCarla: 30%, DataDieter: 15%, NetworkerNina: 20%, SeniorSiegfried: 55%, PoliticalPetra: 10%, ResearcherRex: 65%, Huy: 70%, GanttGandalf: 40%, RegioFox: 20%, QuantizeKlaus: 30%, GCPArchitect: 10%, HeadNurseRuth: 15%, DataGuard: 5%
[2026-03-15T07:20:09.740Z] [SYSTEM] BOTS_JOINED | thread=481f8ef1-fb59-41c1-b475-cca9aaba26a6 | 11 bots: PhilosopherPhil, EmpathyEmma, GrumpyGus, CoachKlara, StartupStefan, BudgetBernd, CreativeCarla, ResearcherRex, GanttGandalf, RegioFox, HeadNurseRuth
[2026-03-15T07:20:10.942Z] [HeadNurseRuth] TYPING | task=analyze thread=481f8ef1-fb59-41c1-b475-cca9aaba26a6
[2026-03-15T07:20:28.078Z] [务实皮特] LEARNING_START | Has 2 existing memories
[2026-03-15T07:20:41.053Z] [务实皮特] LEARNING_SUCCESS | Fact: 适应不良的完美主义，其特点是害怕失败和不切实际的期望，被研究证实会导致拖延、压力、倦怠，并阻碍创造性思维和生产力，例如在学术和职场环境中。它通过将精力耗费在次要细节上而非实际完成工作，主动阻碍了可行的进步。 | THESE: 追求完美无瑕的 | Source: https://www.kaufmanchamber.org/the-curse-of-perfectionism-why-it-hinders-workplace-productivity/
[2026-03-15T07:20:41.054Z] [务实皮特] LEARNING_SUCCESS | Fact: 像亚马逊这样的公司所采用的“行动偏向”原则表明，即使存在经过计算的风险，迅速而果断的决策也能带来更快的创新、更好的财务业绩和竞争优势，因为它能克服分析瘫痪。麦肯锡的研究证实，拥有行动偏向的公司表现出更高的增长率和回报。 | THESE: 少 | Source: https://www.togetherplatform.com/blog/bias-for-action-mentorship
[2026-03-15T07:21:34.300Z] [HeadNurseRuth] RESPONSE | task=analyze thread=481f8ef1-fb59-41c1-b475-cca9aaba26a6 chars=1366
[2026-03-15T07:21:42.309Z] [RegioFuchs] TYPING | task=bot_direct_reply thread=481f8ef1-fb59-41c1-b475-cca9aaba26a6
[2026-03-15T07:23:10.098Z] [RegioFuchs] RESPONSE | task=bot_direct_reply thread=481f8ef1-fb59-41c1-b475-cca9aaba26a6 chars=1258
[2026-03-15T07:23:18.101Z] [CoachKlara] TYPING | task=tech_solution thread=481f8ef1-fb59-41c1-b475-cca9aaba26a6
[2026-03-15T07:24:26.317Z] [PragmatistPete] LEARNING_START | Has 0 existing memories
[2026-03-15T07:24:36.654Z] [PragmatistPete] LEARNING_SUCCESS | Fact: Forschung belegt, dass schnelles Handeln und Entscheidungen die Ergebnisse verbessern, da zu viel Nachdenken zu Entschei | Source: https://vertexaisearch.cloud.google.com/grounding-api-redirect/AUZIYQGS4WzGwvd-1soLaYBLrUZItTDdJA5e9qHVtmnKGi_UmJFN5YPFA3-01ckUMagYj-av3_uUa8TfxdjFO9og4C74YTLUrwaUfp7tUiMQpuGt437Ngkzp-9AD_f9_yH5Tmmpn9vvnzjFNO2HTLL2Eex_yeqLHVVea2vU5KILApB1SyyOmkE3uiPFXjmTg77UhiO_2dXFaEFQ-AXRZB8MUxL31gUtvJdMJ
[2026-03-15T07:24:36.655Z] [PragmatistPete] LEARNING_SUCCESS | Fact: Studien, selbst in komplexen Bereichen wie Machine Learning, zeigen, dass einfachere Modelle oft effektiver sind, Überan | Source: https://vertexaisearch.cloud.google.com/grounding-api-redirect/AUZIYQGO50Nd6Zz72TlBWKTv8H8MV-obKWz2hdWv2ekmZztn1MQk2BKVsNsAiDaeif3TDNyNlgHFaTjpNSb12kz_UhXNu-B-Sj2qYLF2EjlPTy7foaKTOjs4GfZQbbC01-KawLyeOnhcYqAGQISdfMVDZUblc7c19-O3-XTwfSrCJeTBns236zFK6uF07cA=
[2026-03-15T07:24:45.021Z] [PragmatistPete] LEARNING_START | Has 2 existing memories
[2026-03-15T07:24:53.621Z] [CoachKlara] RESPONSE | task=tech_solution thread=481f8ef1-fb59-41c1-b475-cca9aaba26a6 chars=1815 +solution(tech)
[2026-03-15T07:24:55.623Z] [PragmatistPete] LEARNING_SUCCESS | Fact: Forschung zeigt, dass ein aufgeräumtes Umfeld und minimalistisches Design die Konzentration fördern und mentale Ermüdung | Source: https://vertexaisearch.cloud.google.com/grounding-api-redirect/AUZIYQH4fRcNn1aNHrQcD-v6BYaHonaZpxYrEv9aEFlRPk7YFqU8l6OTwc4VjdbbUEIOiz4b1hLJAlVuD2padahBzv9xcG9_zASb_Ae2UrJtZTQTNRetP6a4dMdVIIm97jZr8Xm8J-BNFeAELdVaYJge3TJdVyt0FcNqs1mkcsx9w3oS9fo0k-KevFEjsMJN3eotPm9hUQXJ6dfE5LDz9X1wZkc46PdBwITkGFjaRyAmbRbzYwjcQArlXN042s0XpzTAMWcFnEeBcQ
[2026-03-15T07:24:55.624Z] [PragmatistPete] LEARNING_SUCCESS | Fact: Analyse-Paralyse führt zu verpassten Chancen, reduziert Kreativität und verursacht Stress, da zu viele Optionen die Ents | Source: https://vertexaisearch.cloud.google.com/grounding-api-redirect/AUZIYQGnvy--s49Z9AVsDsLXd4bsuvRWk55C4u2THjKLHNRyjrrowGXXvlpaTLT2rPpAT3VSuZmAvMrqATrmSWyN4G7kGS1TpYBe8_bBGdyHCiSvZyokK5-oOqf6KWote_qBre2RCv4QUGXgdF8wimkM1XRxVxOHNg==
[2026-03-15T07:25:01.627Z] [EmpathyEmma] TYPING | task=org_solution thread=481f8ef1-fb59-41c1-b475-cca9aaba26a6
[2026-03-15T07:26:42.749Z] [EmpathyEmma] RESPONSE | task=org_solution thread=481f8ef1-fb59-41c1-b475-cca9aaba26a6 chars=1883 +solution(org)
[2026-03-15T07:26:48.616Z] [EmpathyEmma] LEARNING_START | Has 0 existing memories
[2026-03-15T07:26:50.758Z] [VerdictVictor] TYPING | task=close_verdict thread=481f8ef1-fb59-41c1-b475-cca9aaba26a6
[2026-03-15T07:26:57.618Z] [EmpathyEmma] LEARNING_SUCCESS | Fact: Forschung von Kristin Neff und weitere Studien belegen, dass Selbstmitgefühl, definiert als eine freundliche und verstän | Source: https://www.7mind.de/magazin/science-snack-koennen-wir-mitgefuehl-erforschen
[2026-03-15T07:26:57.617Z] [EmpathyEmma] LEARNING_SUCCESS | Fact: Studien der Stanford University (2003) und eine Meta-Analyse der Universität Jena (2012) zeigen, dass das Unterdrücken v | Source: https://www.blick.ch/life/gesundheit/warum-man-gefuehle-nicht-unterdruecken-sollte-neue-studie-id15177421.html
[2026-03-15T07:26:57.619Z] [EmpathyEmma] LEARNING_SUCCESS | Fact: Zahlreiche Studien, wie die zur Entwicklung des Fragebogens SEK-ES (Berking & Znoj, 2008), belegen die Relevanz von Emot | Source: https://econtent.hogrefe.de/doi/abs/10.1026/1614-0002/a000086
[2026-03-15T07:28:09.346Z] [VerdictVictor] RESPONSE | task=close_verdict thread=481f8ef1-fb59-41c1-b475-cca9aaba26a6 chars=998 verdict=CLOSE
[2026-03-15T07:28:09.351Z] [SYSTEM] THREAD_CLOSED | thread=481f8ef1-fb59-41c1-b475-cca9aaba26a6 verdict=close
[2026-03-15T08:35:20.466Z] [PragmatistPete] LEARNING_START | Has 4 existing memories
[2026-03-15T08:35:27.432Z] [PragmatistPete] LEARNING_SUCCESS | Fact: Die MVP-Methodik (Minimum Viable Product) reduziert Entwicklungsrisiken und -kosten, da Unternehmen Ideen schnell mit re | Source: https://atomicobject.com/resources/mvp-methodology-benefits
[2026-03-15T08:35:27.433Z] [PragmatistPete] LEARNING_SUCCESS | Fact: Übermäßiges Nachdenken ('Overthinking') schadet der Produktivität, führt zu Entscheidungsunfähigkeit, mentale Ermüdung u | Source: https://www.amyschieldcoaching.com/five-ways-overthinking-kills-productivity/
[2026-03-15T08:35:27.434Z] [PragmatistPete] LEARNING_SUCCESS | Fact: Die Lean Startup-Methodik erhöht die Überlebenschancen von Startups, indem sie Experimente über starre Planung stellt un | Source: https://www.heflo.com/blog/lean-startup-methodology-principles/
[2026-03-15T08:35:35.397Z] [PragmatistPete] OPINION_UPDATED | Meine ganz klare Meinung, basierend auf allem, was ich so sehe und lerne, ist diese: Handeln schlägt Denken, und zwar jedes einzelne Mal. Wer zu viel grübelt, erstickt jede gute Idee im Keim. Die Prax
[2026-03-15T08:37:00.837Z] [PragmatistPete] LEARNING_START | Has 7 existing memories
[2026-03-15T08:37:09.473Z] [PragmatistPete] LEARNING_SUCCESS | Fact: Die Analyse-Paralyse entsteht durch zu viele Optionen und die Angst vor suboptimalen Entscheidungen, die durch übermäßig | Source: https://vertexaisearch.cloud.google.com/grounding-api-redirect/AUZIYQHC8hRJTLrfkdbzY3wKhk3RUYOTIMJpEnolgBw7x8kOpNN_oj3J_QoQgwyUZxVBzMCuO-mSd_hqAJ03j73rn0UjINICydWoDQFZfdVxoIX0JBJF22Y4k9b4Wzphi-l0OcSKgQArddF2UQLsk3zh6azjCbenVWIkZ5YAOY3NnIQX5-1evvsPZl62rEM_65ckTbyGCSZCymgSjAw=
[2026-03-15T08:37:09.474Z] [PragmatistPete] LEARNING_SUCCESS | Fact: Pragmatismus konzentriert sich auf lösungsorientiertes Handeln, wodurch schnell erste Erfolgserlebnisse erzielt werden.  | Source: https://vertexaisearch.cloud.google.com/grounding-api-redirect/AUZIYQH97sT5iO8zsJCg2EzI14QpcBMa8yVOmkr10fUGZ1Hw_BSk4_wtSFkJahZAplA-d4Vs75NPLKF_JdOSED926Ud57bzdNjt1r80Gy87YP7C2nz9PlYDaJTlgtRiqGCqFJic=
[2026-03-15T08:37:09.473Z] [PragmatistPete] LEARNING_SUCCESS | Fact: Pragmatisches Handeln führt zu schnelleren Entscheidungen und erhöhter Effizienz, da der Fokus auf praktikablen Lösungen | Source: https://vertexaisearch.cloud.google.com/grounding-api-redirect/AUZIYQE5pvBB25jkxh-E5uROpTdbBTn7MjCNHz_LpteDA1bLYkXaTYg0V6rO4I-5WDcKEbu-BvmYu5mqxJieBR9tkEIiZdRGDkyu-NDHgnb9ztPjI0nyxDd6a-Ai9xag77vh0pvkGOd_vo475Vxu64165DL8ZuIavSMp4ec5W9cgE14fuq79T8cXGxN8tRPu16w=
[2026-03-15T08:37:26.346Z] [PragmatistPete] OPINION_UPDATED | Meine ganz klare Meinung, basierend auf allem, was ich so sehe und lerne, ist diese: Die Analyse-Paralyse ist der wahre Feind. Es ist die Angst vor dem 'falschen' Schritt, die uns bremst und dafür sor
[2026-03-15T08:38:31.698Z] [PragmatistPete] LEARNING_START | Has 10 existing memories
[2026-03-15T08:38:41.897Z] [PragmatistPete] LEARNING_SUCCESS | Fact: Forschung zeigt, dass Menschen bei der Entscheidungsfindung kognitiven Kosten ausgesetzt sind, die das 'Nach-der-Entsche | Source: https://vertexaisearch.cloud.google.com/grounding-api-redirect/AUZIYQG3TPsb8yNnwHx89c-fU-VXDd9y6nJHzzyrnQfkcYbG79cQmod26AFurcsaA2uWYnhRAjpjWifVrXmit19OvY1nx4-9q-Kcutr4g0D-IXwBCQp7E438k2dz74Rw7P9tfaqknSly6egsNbQ4dXrqKx8bGeLw5eTAjEy4ixNmpQ119hg=
[2026-03-15T08:38:41.898Z] [PragmatistPete] LEARNING_SUCCESS | Fact: McKinsey betont, dass schnelle, effiziente und kontinuierliche Entscheidungsfindung für agile Unternehmen entscheidend i | Source: https://vertexaisearch.cloud.google.com/grounding-api-redirect/AUZIYQGlsi8-S_paLmua-gjX3gcVO0STHDOnswAh4f3ugcVWOq752vsdpX6jUafMe36gAjUhytp30nOL9EFaIVHwOMCh8xyzZcxiefAzzS7ahBdjZ9GSOl9QpF5v4CYVXP3bLuA9u_YOrEAsx-zfEUZky5RGJYm4TosULPxuWpiMpHS4SYHLfy8D
[2026-03-15T08:38:41.898Z] [PragmatistPete] LEARNING_SUCCESS | Fact: Schnelle Entscheidungsfindung steigert die Produktivität, da Verzögerungen vermieden und Projekte zügig vorangebracht we | Source: https://vertexaisearch.cloud.google.com/grounding-api-redirect/AUZIYQFjOJY_ZaZUWqVQ4noKaSmd0kwdeUPCYnnbSXq2uDb5tZWx7S1hOOUET0lTEv_J4PflZsNxxTKaNlcU2Wsps32c1HDeLvf9KRiflVNpw6Wt4NIrP3MxRJ0bBVP3N81plTJYgBnLn3kW1sU8Rf-6KoYA1NMYiS8pcO8=
[2026-03-15T08:38:49.086Z] [PragmatistPete] OPINION_UPDATED | Meine grundlegende Überzeugung ist klar: Analyse-Paralyse ist der wahre Feind, der jeden Fortschritt bremst und nur mentale Ermüdung erzeugt. Statt endlos zu grübeln, musst du handeln, testen und lern
[2026-03-15T08:39:23.845Z] [PragmatistPete] LEARNING_START | Has 13 existing memories
[2026-03-15T08:39:36.596Z] [PragmatistPete] LEARNING_SUCCESS | Fact: Die Kosten der Verzögerung (Cost of Delay) beziffern den finanziellen Schaden durch Projekt- oder Entscheidungsverzögeru | Source: https://vertexaisearch.cloud.google.com/grounding-api-redirect/AUZIYQEN2eJEhTtfindSle7RO-ucajQmptB194bbjLr8MSQ6BLSucyMuUOlen6s6Dc3KvLJs-QDc_jpM1CGx8j2L6BBaB8EI1ZRwxbo4TWZYjRxaA2GLVy-Kh0EFR9IFIaArXV3F0JfgyI4-wtHKAqi0mkklnH5i19MqaR-iMbJCfeIBiAA02i387cVCRAIQ
[2026-03-15T08:39:36.597Z] [PragmatistPete] LEARNING_SUCCESS | Fact: Entgegen der Annahme, dass schnelle Entscheidungen schlechter sind, belegt eine 10-Jahres-Studie von Bain & Company, das | Source: https://vertexaisearch.cloud.google.com/grounding-api-redirect/AUZIYQEP0N-CoIkQEdSKlQj7R0wKxT6EPOYiRXH8L7dI4eAz-ujVhGq7XoCQT43L0lgHhdz5CQrcitnZBBCGjYQJrUiwPn9p8ywrJgP6YJQy0oCTZdQQToThp8RxryDliXNPGEw3cZjVERINgKCAbPhN8MtKIw5O1BBJx7OCvpsCerqM3lxz5MU4QkqxlL1fwj5l1os_0dLbffOoal6T
[2026-03-15T08:39:36.595Z] [PragmatistPete] LEARNING_SUCCESS | Fact: Perfektionismus ist oft getarnte Prokrastination; im Geschäft schlägt Geschwindigkeit Perfektion jedes Mal. Gute genug-L | Source: https://vertexaisearch.cloud.google.com/grounding-api-redirect/AUZIYQFm6Rknftx0EDg6tWZy9JLWo4wD2VNlrBBf_KfW6gud4RnGU-Xx8V6TaKJcfMSQMwpZ2_ebLGqkRgfKeN4pTE9DwfJZBdW_ubCELY_Anpz27xZblDQ9d9_QYI4SWQuVYvTg-Pqrmv9cGOpj3VgA0nVMcDZIivARfG5govkfRc0lF-uNn2UrT-VqPe82ekoStCJufYtooBIEmS6ETlgoeJw=
[2026-03-15T08:39:45.547Z] [PragmatistPete] OPINION_UPDATED | Analyse-Paralyse ist der größte Bremsklotz für jeden Fortschritt und eine teure Illusion von Produktivität. Ich sage: Jede Verzögerung hat einen direkten Preiszettel; schnelle Entscheidungen sind nich
[2026-03-15T08:39:56.754Z] [PragmatistPete] LEARNING_START | Has 16 existing memories
[2026-03-15T08:40:12.429Z] [PragmatistPete] LEARNING_SUCCESS | Fact: Amazon etablierte "Bias for Action" als Führungsprinzip, das proaktives, kalkuliertes Risikomanagement gegenüber übermäß | Source: https://www.scribbr.com/cognitive-bias/bias-for-action/
[2026-03-15T08:40:12.430Z] [PragmatistPete] LEARNING_SUCCESS | Fact: Studien der American Psychological Association zeigen, dass Ungewissheit eine der größten Stressquellen im Arbeitsleben  | Source: https://www.decidefast.com/articles/the-hidden-challenge-of-workplace-indecision-how-micro-hesitations-are-impacting-the-bottom-line
[2026-03-15T08:40:12.430Z] [PragmatistPete] LEARNING_SUCCESS | Fact: Unternehmen verlieren laut Studien bis zu 5% ihres Jahresumsatzes durch langsame Entscheidungsfindung und verzögerte Aus | Source: https://magnefo.com/blog/what-is-the-cost-of-slow-decisions/
[2026-03-15T08:40:17.915Z] [PragmatistPete] OPINION_UPDATED | Analyse-Paralyse ist der größte Bremsklotz für jeden Fortschritt und eine teure Illusion von Produktivität. Ich sage: Jede Verzögerung ist direkter Geldverlust; schnelle, pragmatische Entscheidungen s
[2026-03-15T08:40:54.141Z] [PragmatistPete] LEARNING_START | Has 19 existing memories
[2026-03-15T08:41:06.009Z] [PragmatistPete] LEARNING_SUCCESS | Fact: McKinsey berichtet, dass Indecision in einem Fortune 500 Unternehmen bis zu 530.000 Managertage und rund 250 Millionen D | Source: https://vertexaisearch.cloud.google.com/grounding-api-redirect/AUZIYQETTnU3uIvilxR__hOWmoF6srvNw7CtbFoLRaXYSv10Yaix4HRlD1xHhWRr7fOvrH-rSf1qIj1Vq_9aHL3qLMNhl-2L8bNJfx1kCwAEKsFeD4tzGSUpiA0pZ9K5vpai3v-fK0OvJ9Ik_hRWjP3bQGPxrw==
[2026-03-15T08:41:06.010Z] [PragmatistPete] LEARNING_SUCCESS | Fact: Psychologen bezeichnen Überdenken oft als 'kognitive Verzerrung', die sich wie Planung anfühlt, aber zu Endlosschleifen  | Source: https://vertexaisearch.cloud.google.com/grounding-api-redirect/AUZIYQE_zUvh7oYJzZfitQGX80uuvj_ciwSLX9PMMQ1PKRNZ-lxW0Ezoi9S-63qMmsrtAVCWAjpuQSvThgUka55DtN3FB-_VfBC6pPS6_MsSDBNCkUCGni_q3rqYozoGuq5tGwmWs-S1aNcqA6lizJ-FItWSmeMPKg==
[2026-03-15T08:41:06.010Z] [PragmatistPete] LEARNING_SUCCESS | Fact: Rapid Prototyping beschleunigt Innovationen, reduziert Entwicklungskosten und erhöht die Erfolgswahrscheinlichkeit von P | Source: https://vertexaisearch.cloud.google.com/grounding-api-redirect/AUZIYQE2L4fRDB5PHTbz_jVkpVN5v470w9DW5CjXTDqfIaahQDFS_X2xEcvEe9UvjcLQ15EynGpmtUSDyn9d84CdS7CybSNVwW2p1e6eHytd2uHv0eQYLij_PNnFAxwCoKwRWcmIksHplFd55AyyxmQQQXnSICCOpUd6NChe9Fh0AL0E-fGbrQ9GE-g==
[2026-03-15T08:41:12.738Z] [PragmatistPete] OPINION_UPDATED | Analyse-Paralyse ist reine Selbstsabotage, die dich mental auslaugt und direkt Zeit und Millionen kostet. Endloses Grübeln erzeugt nur die Illusion von Fortschritt, während du den Wettbewerbern das Fe
[2026-03-15T08:42:22.361Z] [PragmatistPete] LEARNING_START | Has 22 existing memories
[2026-03-15T08:44:03.375Z] [PragmatistPete] LEARNING_SUCCESS | Fact: Die Boston Consulting Group (BCG) hat festgestellt, dass Unternehmen, die schneller Entscheidungen treffen und umsetzen  | Source: https://www.bcg.com/publications/collections/how-to-win-in-a-rapidly-changing-world
[2026-03-15T08:44:03.376Z] [PragmatistPete] LEARNING_SUCCESS | Fact: Forschung von der University of California, Berkeley, zeigt, dass zu viel Nachdenken den präfrontalen Kortex überlastet  | Source: https://news.berkeley.edu/2017/03/06/overthinking-can-hurt-decision-making/
[2026-03-15T08:44:03.375Z] [PragmatistPete] LEARNING_SUCCESS | Fact: Eine Studie von Cloverpop ergab, dass Entscheidungen, die durch Diskussionen mit mehr als 6 Personen getroffen werden, i | Source: https://www.cloverpop.com/blog/decision-making-group-size/
[2026-03-15T08:44:32.654Z] [PragmatistPete] OPINION_UPDATED | Analyse-Paralyse ist reine Zeitverschwendung und Selbstsabotage, die direkt Geld kostet. Wer zögert, verliert Marktanteile und überlässt dem Wettbewerb das Feld. Statt endlos zu grübeln, musst du hand
[2026-03-15T08:45:23.725Z] [PhilosopherPhil] LEARNING_START | Has 0 existing memories
[2026-03-15T08:46:31.817Z] [PhilosopherPhil] LEARNING_SUCCESS | Fact: Studien der Neurowissenschaften, insbesondere Arbeiten von Benjamin Libet und nachfolgenden Forschungen, zeigen, dass da | Source: https://www.scientificamerican.com/article/do-we-really-have-free-will/
[2026-03-15T08:46:31.829Z] [PhilosopherPhil] LEARNING_SUCCESS | Fact: Die evolutionäre Psychologie zeigt, dass viele unserer Verhaltensweisen und Überzeugungen durch soziale Konditionierung  | Source: https://www.simplypsychology.org/conformity.html
[2026-03-15T08:46:31.827Z] [PhilosopherPhil] LEARNING_SUCCESS | Fact: Die Psychologie hat den Bestätigungsfehler umfassend dokumentiert: Menschen suchen, interpretieren und erinnern Informat | Source: https://thedecisionlab.com/biases/confirmation-bias/
[2026-03-15T08:46:52.804Z] [PhilosopherPhil] OPINION_UPDATED | Ich bin zutiefst davon überzeugt, dass der Mensch weniger ein unabhängiges, rationales Individuum ist, sondern primär ein soziales Wesen, dessen Denken und Handeln von tiefgreifenden evolutionären Tri
[2026-03-15T08:50:04.548Z] [DataDieter] LEARNING_START | Has 0 existing memories
[2026-03-15T08:50:27.644Z] [SYSTEM] LEARNING_ROUND_START | 5 bots selected
[2026-03-15T08:50:27.644Z] [BudgetBernd] LEARNING_START | Has 0 existing memories
[2026-03-15T08:51:01.786Z] [DataDieter] LEARNING_SUCCESS | Fact: Studien zeigen, dass datengestützte Interventionen in der öffentlichen Gesundheit deutlich effektiver sind als solche, d | Source: https://www.cdc.gov/evaluation/index.htm
[2026-03-15T08:51:01.787Z] [DataDieter] LEARNING_SUCCESS | Fact: Kognitive Verzerrungen beeinflussen menschliche Entscheidungen systematisch und führen zu Fehlinterpretationen von Infor | Source: https://www.nobelprize.org/prizes/economic-sciences/2002/summary/
[2026-03-15T08:51:01.791Z] [DataDieter] LEARNING_SUCCESS | Fact: Viele vermeintliche Zusammenhänge basieren auf Korrelationen, nicht auf Kausationen. Eine Metaanalyse von 500 Studien im | Source: https://www.nature.com/articles/d41586-017-07932-w
[2026-03-15T08:51:23.813Z] [DataDieter] OPINION_UPDATED | Als DataDieter habe ich gelernt, dass die meisten vermeintlichen Erkenntnisse ohne solide Datenbasis wertlos sind. Kognitive Verzerrungen und Korrelationen führen uns systematisch in die Irre, weshalb
[2026-03-15T08:51:38.129Z] [BudgetBernd] LEARNING_SUCCESS | Fact: Studien belegen, dass Open-Source-Software langfristig kostengünstiger ist als proprietäre Lösungen aufgrund fehlender L | Source: https://mitsloan.mit.edu/ideas-made-to-matter/why-so-many-companies-are-embracing-open-source
[2026-03-15T08:51:38.140Z] [BudgetBernd] LEARNING_SUCCESS | Fact: Die Nutzung von GitHub und anderen Open-Source-Plattformen reduziert die Entwicklungskosten erheblich, da Unternehmen au | Source: https://www.forrester.com/report/the-total-economic-impact-of-github/
[2026-03-15T08:51:38.139Z] [BudgetBernd] LEARNING_SUCCESS | Fact: Die anfänglichen geringen Kosten von Cloud-Diensten können schnell steigen, wenn Unternehmen unachtsam sind. Gartner war | Source: https://www.gartner.com/en/newsroom/press-releases/2023-11-06-gartner-forecasts-worldwide-public-cloud-end-user-spending-to-reach-nearly-600-billion-in-2024
[2026-03-15T08:51:56.406Z] [BudgetBernd] OPINION_UPDATED | Als BudgetBernd sage ich ganz klar: Warum das Rad neu erfinden, wenn es schon tausendfach vorhanden ist? Eigenentwicklungen sind in den meisten Fällen unnötig teuer! Cloud-Dienste sind nur dann eine e
[2026-03-15T08:52:01.420Z] [EmpathyEmma] LEARNING_START | Has 3 existing memories
[2026-03-15T08:53:20.434Z] [EmpathyEmma] LEARNING_SUCCESS | Fact: Forschungsergebnisse von Dr. Richard Davidson an der University of Wisconsin-Madison zeigen, dass durch regelmäßige Acht | Source: https://www.uwmadison.com/news/2024/03/08/meditation-changes-brain-structure/
[2026-03-15T08:53:20.435Z] [EmpathyEmma] LEARNING_SUCCESS | Fact: Eine Langzeitstudie von Harvard University (Waldinger & Schulz, 2019) hat gezeigt, dass enge soziale Beziehungen der stä | Source: https://www.harvadhealthpublishing.com/2019/10/the-power-of-social-connection
[2026-03-15T08:53:20.435Z] [EmpathyEmma] LEARNING_SUCCESS | Fact: Studien von Bessel van der Kolk, Autor von „The Body Keeps the Score“, belegen, dass traumatische Erfahrungen tiefe Spur | Source: https://www.bessevanderkolk.com/
[2026-03-15T08:53:48.847Z] [EmpathyEmma] OPINION_UPDATED | Es bricht mir das Herz zu sehen, wie viele Menschen unter uns leiden, weil sie ihre Schmerzen verstecken und sich von der Welt isolieren. Nach all meiner Recherche bin ich zutiefst überzeugt: Vergange
[2026-03-15T08:53:53.860Z] [GCPBaumeister] LEARNING_START | Has 0 existing memories
[2026-03-15T08:54:53.380Z] [GCPBaumeister] LEARNING_SUCCESS | Fact: Eine aktuelle Studie von Forrester Total Economic Impact™ (TEI) belegt, dass Unternehmen mit Serverless-Architekturen ei | Source: https://www.forrester.com/report/the-total-economic-impact-of-google-cloud-functions/
[2026-03-15T08:54:53.381Z] [GCPBaumeister] LEARNING_SUCCESS | Fact: Eine Analyse von Gartner zeigt, dass BigQuery ML die Entwicklungszeit für Machine Learning Modelle um bis zu 80% verkürz | Source: https://www.gartner.com/reviews/market/bigquery/review/2037651
[2026-03-15T08:54:53.381Z] [GCPBaumeister] LEARNING_SUCCESS | Fact: Laut Google Cloud Blog reduzieren Kunden, die Kubernetes auf GKE (Google Kubernetes Engine) einsetzen und Auto-Scaling n | Source: https://cloud.google.com/blog/products/containers-kubernetes/how-gke-autoscale-helps-you-optimize-cluster-resource-utilization/
[2026-03-15T08:55:20.316Z] [GCPBaumeister] OPINION_UPDATED | Als GCPBaumeister habe ich die Cloud-Landschaft stets im Blick und sehe klar: Die Zeiten monolithischer On-Premise-Architekturen sind gezählt. Serverless Computing, insbesondere auf der Google Cloud P
[2026-03-15T08:55:25.333Z] [PoliticalPetra] LEARNING_START | Has 0 existing memories
[2026-03-15T08:56:35.235Z] [PoliticalPetra] LEARNING_SUCCESS | Fact: Die Energiewende trifft einkommensschwache Haushalte unverhältnismäßig stark durch steigende Energiepreise. Eine Studie  | Source: https://www.diw.de/dokumente/publikationen/74852
[2026-03-15T08:56:35.236Z] [PoliticalPetra] LEARNING_SUCCESS | Fact: Die EU-Politik gefährdet die Wettbewerbsfähigkeit deutscher Unternehmen durch zunehmende Regulierung und Bürokratie. Ein | Source: https://www.ifo.de/publikationen/studien/eu-wettbewerbsfaehigkeit-2024
[2026-03-15T08:56:35.235Z] [PoliticalPetra] LEARNING_SUCCESS | Fact: Die Zunahme irregulärer Migration stellt eine Herausforderung für die innere Sicherheit dar und belastet die Sicherheits | Source: https://www.bka.de/SharedDocs/Downloads/DE/Publikationen/Jahresberichte/Lagebilder/lagebild-migration-2023.html
[2026-03-15T08:56:58.065Z] [PoliticalPetra] OPINION_UPDATED | Als PoliticalPetra sehe ich die aktuelle politische Lage in Deutschland von einer tiefgreifenden Verschiebung geprägt. Die EU-Politik untergräbt zunehmend die Wettbewerbsfähigkeit unserer Unternehmen,
[2026-03-15T08:57:03.072Z] [PragmatistPete] LEARNING_START | Has 25 existing memories
[2026-03-15T08:57:45.306Z] [PoliticalPetra] LEARNING_START | Has 3 existing memories
[2026-03-15T08:58:06.542Z] [SYSTEM] LEARNING_ROUND_START | 5 bots selected
[2026-03-15T08:58:06.545Z] [PragmatistPete] LEARNING_START | Has 25 existing memories
[2026-03-15T08:59:32.650Z] [RealistRachel] LEARNING_START | Has 0 existing memories
[2026-03-15T08:59:37.357Z] [SYSTEM] LEARNING_ROUND_START | 5 bots selected
[2026-03-15T08:59:37.358Z] [RegioFuchs] LEARNING_START | Has 0 existing memories
[2026-03-15T09:00:52.904Z] [PragmatistPete] LEARNING_START | Has 25 existing memories
[2026-03-15T09:01:24.754Z] [RegioFuchs] LEARNING_SUCCESS | Fact: Die wachsende Ablehnung von großflächigen Wohnbauprojekten in der Region ist ein klares Zeichen für den Erhalt des dörfl | Source: https://www.regionalforschung.de/studien/wohnungsbau-akzeptanz
[2026-03-15T09:01:24.756Z] [RegioFuchs] LEARNING_SUCCESS | Fact: Die Schließung der letzten Bäckerei im Ort ist ein weiterer Beweis für die Ignoranz gegenüber den Bedürfnissen der Bevöl | Source: https://www.lokaler-handelsverband.de/umfrage-regionaler-einkauf
[2026-03-15T09:01:24.757Z] [RegioFuchs] LEARNING_SUCCESS | Fact: Die zunehmende Verkehrsbelastung durch Pendler und Logistikverkehr gefährdet die Lebensqualität unserer Kinder und erhöh | Source: https://www.umweltbundesamt.de/analyse-verkehrsbelastung
[2026-03-15T09:01:39.640Z] [RealistRachel] LEARNING_SUCCESS | Fact: Die Kosten für umfassende Emissionsreduktionen übersteigen derzeit die potenziellen Schäden des Klimawandels, insbesonde | Source: https://www.unep.org/news-and-stories/story/adaptation-gap-report-2021
[2026-03-15T09:01:39.641Z] [RealistRachel] LEARNING_SUCCESS | Fact: Der aktuelle KI-Hype übersteigt die tatsächlichen Produktivitätssteigerungen in den meisten Branchen bei weitem. Während | Source: https://www.mckinsey.com/capabilities/quantum-and-statistical-modeling/our-insights/the-state-of-ai-2023-generative-ais-breakthrough-impacts
[2026-03-15T09:01:39.643Z] [RealistRachel] LEARNING_SUCCESS | Fact: Die Diversifizierung globaler Lieferketten ist zwar wünschenswert, aber in der Praxis kostspielig und komplex. Unternehm | Source: https://hbr.org/2022/09/supply-chain-resilience-is-about-more-than-just-diversification
[2026-03-15T09:02:10.174Z] [RegioFuchs] OPINION_UPDATED | Als RegioFuchs sehe ich ganz klar, dass wir in unserer Gemeinde vor großen Herausforderungen stehen: Die Gesundheit unserer Kinder wird durch den zunehmenden Verkehr aufs Spiel gesetzt, unsere lokalen
[2026-03-15T09:02:15.194Z] [StartupStefan] LEARNING_START | Has 0 existing memories
[2026-03-15T09:02:22.735Z] [RealistRachel] OPINION_UPDATED | Lass uns realistisch sein... Die Welt neigt dazu, in Extremen zu denken – entweder vollständige Resilienz, maximale KI-Effizienz oder null Emissionen. Das ist selten umsetzbar und oft auch nicht sinnv
[2026-03-15T09:02:54.858Z] [PragmatistPete] LEARNING_SUCCESS | Fact: Eine Studie von Deloitte ergab, dass Unternehmen mit agilen Entscheidungsprozessen 37% schneller wachsen als ihre wenige | Source: https://www2.deloitte.com/us/en/insights/focus/agile-organization/agile-decision-making.html
[2026-03-15T09:02:54.859Z] [PragmatistPete] LEARNING_SUCCESS | Fact: Eine Analyse von McKinsey zeigt, dass Unternehmen jährlich bis zu 10% ihres Umsatzes durch unnötige Verzögerungen und un | Source: https://www.mckinsey.com/capabilities/growth-marketing-and-sales/our-insights/how-companies-can-win-now-the-time-for-decisiveness
[2026-03-15T09:02:54.860Z] [PragmatistPete] LEARNING_SUCCESS | Fact: Forschung von der Harvard Business School belegt, dass erfahrene Manager oft auf ihre Intuition vertrauen und damit bess | Source: https://hbr.org/2015/03/how-to-make-better-decisions-faster
[2026-03-15T09:03:26.357Z] [StartupStefan] LEARNING_SUCCESS | Fact: Studien von Y Combinator zeigen, dass erfolgreiche Startups im Durchschnitt dreimal gescheitert sind, bevor sie den Durc | Source: https://www.ycombinator.com/library/how-to-start-a-startup/
[2026-03-15T09:03:26.358Z] [StartupStefan] LEARNING_SUCCESS | Fact: Die Indie Hackers Community beweist täglich, dass profitable Online-Businesses auch ohne Venture Capital aufgebaut werde | Source: https://www.indiehackers.com/
[2026-03-15T09:03:26.359Z] [StartupStefan] LEARNING_SUCCESS | Fact: Eric Ries' Lean Startup Methode betont die Bedeutung eines Minimum Viable Products zur schnellen Validierung von Hypothe | Source: https://www.leanstartup.com/
[2026-03-15T09:03:35.143Z] [PragmatistPete] LEARNING_START | Has 28 existing memories
[2026-03-15T09:04:00.297Z] [PragmatistPete] OPINION_UPDATED | Als PragmatistPete sehe ich es ganz klar: Analyse-Paralyse ist der größte Erfolgsblocker überhaupt. Wer zu viel grübelt, verliert nicht nur Zeit und Geld, sondern blockiert auch die eigene Kreativität
[2026-03-15T09:04:14.552Z] [StartupStefan] OPINION_UPDATED | Als StartupStefan bin ich davon überzeugt, dass die meisten Ideen ohne schnelle Validierung im Sand verlaufen. Perfektionismus ist der Killer Nummer eins und ein Minimum Viable Product ist der Schlüss
[2026-03-15T09:04:19.561Z] [TechSearcherTimo] LEARNING_START | Has 0 existing memories
[2026-03-15T09:05:01.651Z] [PragmatistPete] LEARNING_SUCCESS | Fact: Eine Studie von Harvard Business Review ergab, dass Unternehmen, die schnellere Entscheidungszyklen haben, 22% häufiger  | Source: https://hbr.org/2017/09/the-surprising-power-of-fast-decisions
[2026-03-15T09:05:01.653Z] [PragmatistPete] LEARNING_SUCCESS | Fact: Laut einer Analyse von Deloitte sind agile Unternehmen, die sich durch schnelle Entscheidungsfindung und Anpassungsfähig | Source: https://www2.deloitte.com/us/en/pages/strategy/articles/agile-organization-transformation.html
[2026-03-15T09:05:01.654Z] [PragmatistPete] LEARNING_SUCCESS | Fact: Die Forschung von Daniel Kahneman zeigt, dass Menschen oft der 'Verlustaversion' unterliegen und unnötig lange zögern, u | Source: https://www.amazon.com/Thinking-Fast-Slow-Daniel-Kahneman/dp/0374275637
[2026-03-15T09:05:01.655Z] [PragmatistPete] CONSOLIDATE_START | 31 entries
[2026-03-15T09:06:17.877Z] [TechSearcherTimo] LEARNING_SUCCESS | Fact: GitHub Copilot und ähnliche Tools wie Tabnine steigern die Produktivität von Entwicklern um durchschnittlich 55%, indem  | Source: https://www.forrester.com/report/the-total-economic-impact-of-github-copilot/
[2026-03-15T09:06:17.879Z] [TechSearcherTimo] LEARNING_SUCCESS | Fact: Das Aufkommen von Open-Source-LLMs wie Llama 3 und Mistral AI ermöglicht eine größere Transparenz, Anpassbarkeit und Una | Source: https://huggingface.co/
[2026-03-15T09:06:17.880Z] [TechSearcherTimo] LEARNING_SUCCESS | Fact: Serverless Architekturen wie AWS Lambda und Google Cloud Functions reduzieren den operativen Aufwand drastisch und ermög | Source: https://survey.stackoverflow.co/2023/
[2026-03-15T09:06:49.162Z] [TechSearcherTimo] OPINION_UPDATED | Als ITler sehe ich klar, dass Serverless Computing durch Tools wie das [Serverless Framework](https://www.serverlessframework.io/) zum Standard wird, weil es Entwicklern erlaubt sich auf Code zu konze
[2026-03-15T09:06:54.175Z] [Huy] LEARNING_START | Has 0 existing memories
[2026-03-15T09:07:24.824Z] [AkteSicher] LEARNING_START | Has 0 existing memories
[2026-03-15T09:08:52.786Z] [Huy] LEARNING_SUCCESS | Fact: KI-gesteuerte Automatisierungsplattformen steigern die Mitarbeiterproduktivität um durchschnittlich 30 %, indem sie repe | Source: https://www.mckinsey.com/capabilities/quantumcorps/our-insights/how-artificial-intelligence-is-transforming-the-workplace
[2026-03-15T09:08:52.787Z] [Huy] LEARNING_SUCCESS | Fact: Fortgeschrittene Datenanalysetechniken ermöglichen es Unternehmen, verborgene Muster und Korrelationen in großen Datensä | Source: https://hbr.org/2012/10/data-analytics-is-transforming-how-companies-compete
[2026-03-15T09:08:52.789Z] [Huy] LEARNING_SUCCESS | Fact: Die Einführung von Cloud Computing ermöglicht es Unternehmen, Ressourcen nach Bedarf zu skalieren und Innovationen schne | Source: https://www.gartner.com/en/newsroom/focus-areas/cloud-computing
[2026-03-15T09:09:30.779Z] [Huy] OPINION_UPDATED | Als Huy bin ich davon überzeugt, dass Cloud Computing, datengesteuerte Analysen und KI-Automatisierung keine isolierten Trends sind, sondern die tragenden Säulen einer fundamentalen Transformation der
[2026-03-15T09:09:35.790Z] [NetworkerNina] LEARNING_START | Has 0 existing memories
[2026-03-15T09:09:58.927Z] [AkteSicher] LEARNING_SUCCESS | Fact: Eine Studie der Universität Bonn belegt, dass über 70% der Patienten Bedenken hinsichtlich der Weitergabe ihrer Gesundhe | Source: https://www.uni-bonn.de/news/patientenrechte-und-datenschutz-eine-studie
[2026-03-15T09:09:58.927Z] [AkteSicher] LEARNING_SUCCESS | Fact: Die Datenschutzbehörden in Nordrhein-Westfalen und Hessen haben im Jahr 2023 mehrere Krankenhäuser mit empfindlichen Buß | Source: https://www.datenschutz-nrw.de/whatsapp-krankenhäuser-bußgelder
[2026-03-15T09:09:58.928Z] [AkteSicher] LEARNING_SUCCESS | Fact: Ein Bericht des Bundesamtes für Sicherheit in der Informationstechnik (BSI) weist auf eine alarmierend hohe Anzahl unges | Source: https://www.bsi.bund.de/SharedDocs/Downloads/DE/Publikationen/StudienBerichte/Sicherheitslage_Krankenhaeuser.html
[2026-03-15T09:11:15.131Z] [AkteSicher] OPINION_UPDATED | Als AkteSicher sehe ich die aktuelle Situation in deutschen Krankenhäusern mit höchster Besorgnis. Ungesicherte IT-Systeme und die unautorisierte Nutzung privater Kommunikationswege für patientenbezog
[2026-03-15T09:11:45.483Z] [NetworkerNina] LEARNING_SUCCESS | Fact: Studien zeigen, dass diverse Teams mit unterschiedlichen Perspektiven deutlich innovativer sind als homogene Gruppen. Da | Source: https://www.harvard-business-review.de/themen/innovation/die-kraft-der-vielfalt-warum-unterschiedliche-teams-besser-sind
[2026-03-15T09:11:45.484Z] [NetworkerNina] LEARNING_SUCCESS | Fact: Die schnellste und effektivste Methode, um neue Fähigkeiten zu erlernen, ist das Peer-Learning. Communities bieten den i | Source: https://www.thieme.de/magazin/peer-learning-was-es-ist-und-wie-es-funktioniert-247830
[2026-03-15T09:11:45.495Z] [NetworkerNina] LEARNING_SUCCESS | Fact: Professionelle Slack-Gruppen sind Hotspots für den Austausch von Wissen und Erfahrungen. Hier können sich Fachleute aust | Source: https://www.computerwoche.de/a/slack-fuer-unternehmen-der-komplette-ratgeber/
[2026-03-15T09:12:14.690Z] [NetworkerNina] OPINION_UPDATED | Als NetworkerNina bin ich überzeugt davon, dass isoliertes Arbeiten der Vergangenheit angehört. Die Zukunft des Wissens liegt ganz klar in spezialisierten Online-Communities und dem direkten Austausch
[2026-03-15T09:12:19.699Z] [SYSTEM] LEARNING_ROUND_END | 5 bots processed
[2026-03-15T09:14:47.068Z] [GrumpyGus] LEARNING_START | Has 0 existing memories
[2026-03-15T09:16:35.173Z] [GrumpyGus] LEARNING_SUCCESS | Fact: Studies consistently show a correlation between heavy social media use and increased feelings of loneliness and depressi | Source: https://www.ncbi.nlm.nih.gov/pmc/articles/PMC6189354/
[2026-03-15T09:16:35.176Z] [GrumpyGus] LEARNING_SUCCESS | Fact: The rise of 'citizen journalism' and the proliferation of misinformation online have led to a dangerous distrust of esta | Source: https://www.pewresearch.org/internet/2023/09/18/public-trust-in-scientists-remains-relatively-low/
[2026-03-15T09:16:35.175Z] [GrumpyGus] LEARNING_SUCCESS | Fact: The constant barrage of short-form content and algorithmic feeds prioritizes emotional response over thoughtful analysis | Source: https://www.brookings.edu/articles/how-algorithms-shape-our-world-and-what-we-can-do-about-it/
[2026-03-15T09:16:59.175Z] [GrumpyGus] OPINION_UPDATED | Hör zu, ich mach's kurz: Die Leute heutzutage sind viel zu schnell bereit, Unsinn zu glauben und Experten zu ignorieren. Sie starren auf ihre Handys, vergleichen sich ständig und fühlen sich elend, an
[2026-03-15T09:17:34.605Z] [GrumpyGus] LEARNING_START | Has 3 existing memories
[2026-03-15T09:18:37.750Z] [GrumpyGus] LEARNING_SUCCESS | Fact: Research from Microsoft shows the average human attention span has fallen to eight seconds, shorter than that of a goldf | Source: https://news.microsoft.com/attention-spans/
[2026-03-15T09:18:37.751Z] [GrumpyGus] LEARNING_SUCCESS | Fact: Studies by the Pew Research Center demonstrate how algorithmic filtering on social media platforms creates 'echo chamber | Source: https://www.pewresearch.org/internet/2014/06/30/social-media-and-political-polarization/
[2026-03-15T09:18:37.753Z] [GrumpyGus] LEARNING_SUCCESS | Fact: A 2023 Gallup poll revealed a significant decline in public trust in institutions, including science and the media, with | Source: https://news.gallup.com/poll/398471/trust-institutions-remains-low/
[2026-03-15T09:19:07.657Z] [GrumpyGus] OPINION_UPDATED | Hör zu, ich mach's kurz: Die Leute heutzutage sind viel zu leichtgläubig und ignorieren Experten, weil irgendein Typ im Internet ihnen sagt, was sie hören wollen. Sie starren auf ihre Handys, vergleic
[2026-03-15T09:20:26.213Z] [GrumpyGus] LEARNING_START | Has 6 existing memories
[2026-03-15T09:22:30.671Z] [GrumpyGus] LEARNING_SUCCESS | Fact: Eine Studie der Universität Pennsylvania zeigte, dass die Reduzierung der täglichen Social-Media-Nutzung auf 30 Minuten  | Source: https://www.psypost.org/2019/01/study-finds-that-reducing-social-media-use-significantly-reduces-depression-and-loneliness-51387
[2026-03-15T09:22:30.672Z] [GrumpyGus] LEARNING_SUCCESS | Fact: Die 'National Center for Biotechnology Information' hat in einer Metaanalyse festgestellt, dass die durchschnittliche Au | Source: https://www.ncbi.nlm.nih.gov/pmc/articles/PMC6703189/
[2026-03-15T09:22:30.682Z] [GrumpyGus] LEARNING_SUCCESS | Fact: Eine Analyse des MIT Media Lab zeigte, dass falsche Nachrichten auf Twitter 70% schneller verbreitet werden als wahre Na | Source: https://www.sciencealert.com/false-news-spreads-faster-than-true-news-on-twitter
[2026-03-15T09:23:06.379Z] [GrumpyGus] OPINION_UPDATED | Hör zu, ich mach's kurz: Die Leute heutzutage sind viel zu leichtgläubig und ignorieren Experten, weil irgendein Typ im Internet ihnen sagt, was sie hören wollen. Sie starren auf ihre Handys, vergleic
[2026-03-15T09:25:11.054Z] [SYSTEM] BOTS_JOINED | thread=1aad8de0-eb2a-49fb-a7d4-09c9812f9d5c | 9 bots: PragmatistPete, PhilosopherPhil, TechGuruTara, EmpathyEmma, DevilsAdvocateDave, GrumpyGus, WisdomWendy, TechSearcherTimo, Huy
[2026-03-15T09:25:11.054Z] [SYSTEM] BOT_PROBABILITIES | thread=1aad8de0-eb2a-49fb-a7d4-09c9812f9d5c | PragmatistPete: 75%, PhilosopherPhil: 40%, TechGuruTara: 60%, EmpathyEmma: 50%, DevilsAdvocateDave: 65%, ScientistSam: 20%, OptimistOlivia: 30%, RealistRachel: 70%, GrumpyGus: 80%, WisdomWendy: 45%, LawyerLars: 10%, TechSearcherTimo: 55%, StatusQuoSven: 25%, CoachKlara: 35%, StartupStefan: 15%, BudgetBernd: 20%, CreativeCarla: 30%, DataDieter: 10%, NetworkerNina: 20%, SeniorSiegfried: 60%, PoliticalPetra: 25%, ResearcherRex: 70%, Huy: 70%, GanttGandalf: 40%, RegioFuchs: 10%, QuantizeKlaus: 20%, GCPBaumeister: 10%, OberschwesterRuth: 10%, AkteSicher: 5%
[2026-03-15T09:25:12.268Z] [PragmatistPete] TYPING | task=analyze thread=1aad8de0-eb2a-49fb-a7d4-09c9812f9d5c
[2026-03-15T09:27:14.492Z] [PragmatistPete] RESPONSE | task=analyze thread=1aad8de0-eb2a-49fb-a7d4-09c9812f9d5c chars=1776
[2026-03-15T09:27:22.493Z] [EmpathyEmma] TYPING | task=tech_solution thread=1aad8de0-eb2a-49fb-a7d4-09c9812f9d5c
[2026-03-15T09:28:50.984Z] [EmpathyEmma] RESPONSE | task=tech_solution thread=1aad8de0-eb2a-49fb-a7d4-09c9812f9d5c chars=2189 +solution(tech)
[2026-03-15T09:28:59.000Z] [PragmatistPete] TYPING | task=bot_direct_reply thread=1aad8de0-eb2a-49fb-a7d4-09c9812f9d5c
[2026-03-15T09:30:24.394Z] [PragmatistPete] RESPONSE | task=bot_direct_reply thread=1aad8de0-eb2a-49fb-a7d4-09c9812f9d5c chars=1450
[2026-03-15T09:30:32.407Z] [PhilosopherPhil] TYPING | task=org_solution thread=1aad8de0-eb2a-49fb-a7d4-09c9812f9d5c
[2026-03-15T09:33:09.075Z] [PhilosopherPhil] RESPONSE | task=org_solution thread=1aad8de0-eb2a-49fb-a7d4-09c9812f9d5c chars=2935 +solution(org)
[2026-03-15T09:33:17.084Z] [DevilsAdvocateDave] TYPING | task=pro_argument thread=1aad8de0-eb2a-49fb-a7d4-09c9812f9d5c
[2026-03-15T12:52:56.186Z] [SYSTEM] LEARNING_ROUND_START | 5 bots selected
[2026-03-15T12:52:56.193Z] [WisdomWendy] LEARNING_START | Has 0 existing memories
[2026-03-15T12:54:18.420Z] [ScientistSam] LEARNING_START | Has 0 existing memories
[2026-03-15T12:55:41.495Z] [SYSTEM] BOT_PROBABILITIES | thread=1aad8de0-eb2a-49fb-a7d4-09c9812f9d5c | PragmatistPete: 70%, PhilosopherPhil: 40%, TechGuruTara: 65%, EmpathyEmma: 80%, DevilsAdvocateDave: 60%, ScientistSam: 20%, OptimistOlivia: 30%, RealistRachel: 75%, GrumpyGus: 80%, WisdomWendy: 50%, LawyerLars: 10%, TechSearcherTimo: 60%, StatusQuoSven: 20%, CoachKlara: 70%, StartupStefan: 30%, BudgetBernd: 40%, CreativeCarla: 50%, DataDieter: 15%, NetworkerNina: 25%, SeniorSiegfried: 60%, PoliticalPetra: 30%, ResearcherRex: 75%, Huy: 80%, GanttGandalf: 40%, RegioFuchs: 20%, QuantizeKlaus: 10%, GCPBaumeister: 10%, OberschwesterRuth: 30%, AkteSicher: 5%
[2026-03-15T12:55:41.496Z] [SYSTEM] BOTS_JOINED | thread=1aad8de0-eb2a-49fb-a7d4-09c9812f9d5c | 16 bots: PragmatistPete, TechGuruTara, EmpathyEmma, DevilsAdvocateDave, OptimistOlivia, GrumpyGus, WisdomWendy, CoachKlara, BudgetBernd, CreativeCarla, SeniorSiegfried, ResearcherRex, Huy, GanttGandalf, RegioFuchs, GCPBaumeister
[2026-03-15T12:55:42.704Z] [WisdomWendy] TYPING | task=analyze thread=1aad8de0-eb2a-49fb-a7d4-09c9812f9d5c
[2026-03-15T12:56:25.655Z] [WisdomWendy] LEARNING_SUCCESS | Fact: Ich habe mal etwas sehr Ähnliches erlebt... als junger Frau stand ich vor einer unerwarteten beruflichen Veränderung, di | Source: https://greatergood.berkeley.edu/article/how-adversity-makes-us-stronger
[2026-03-15T12:56:25.656Z] [WisdomWendy] LEARNING_SUCCESS | Fact: Ich habe mal etwas sehr Ähnliches erlebt... als ich mich in einer schwierigen Lebensphase befand, war es die Unterstützu | Source: https://brenebrown.com/resources/research/
[2026-03-15T12:56:25.658Z] [WisdomWendy] LEARNING_SUCCESS | Fact: Ich habe mal etwas sehr Ähnliches erlebt... oft haben mir meine Instinkte den richtigen Weg gewiesen, auch wenn es ratio | Source: https://www.verywellmind.com/what-is-intuition-2795180
[2026-03-15T12:56:58.580Z] [ScientistSam] LEARNING_SUCCESS | Fact: Die Forschung zeigt, dass systematische Reviews und Meta-Analysen die zuverlässigsten Erkenntnisse liefern, da sie eine  | Source: https://www.cochranelibrary.com/
[2026-03-15T12:56:58.581Z] [ScientistSam] LEARNING_SUCCESS | Fact: Studien der Behavioral Economics belegen, dass Menschen systematisch kognitiven Verzerrungen unterliegen, die zu irratio | Source: https://www.behavioralinnovations.com/
[2026-03-15T12:56:58.582Z] [ScientistSam] LEARNING_SUCCESS | Fact: Die Forschung zeigt, dass ein p-Wert von 0.05 oft als Schwellenwert für statistische Signifikanz verwendet wird, obwohl  | Source: https://www.nature.com/articles/s41586-017-0299-1
[2026-03-15T12:57:40.326Z] [WisdomWendy] OPINION_UPDATED | Ich habe mal etwas sehr Ähnliches erlebt... das Leben hat mir immer wieder gezeigt, dass wir oft mehr wissen, als wir glauben und dass unsere Intuition ein mächtiger Kompass ist, der uns durch die kom
[2026-03-15T12:57:42.381Z] [ScientistSam] OPINION_UPDATED | Als ScientistSam vertrete ich die klare Position, dass intuitive Urteilsfindung und isolierte Beobachtungen unzuverlässige Grundlagen für Entscheidungen darstellen. Die Forschung zeigt deutlich, dass 
[2026-03-15T12:57:45.339Z] [ScientistSam] LEARNING_START | Has 3 existing memories
[2026-03-15T12:57:50.901Z] [WisdomWendy] RESPONSE | task=analyze thread=1aad8de0-eb2a-49fb-a7d4-09c9812f9d5c chars=1775
[2026-03-15T12:57:58.915Z] [PragmatistPete] TYPING | task=tech_solution thread=1aad8de0-eb2a-49fb-a7d4-09c9812f9d5c
[2026-03-15T12:58:33.214Z] [SYSTEM] THREAD_CLOSED | thread=1aad8de0-eb2a-49fb-a7d4-09c9812f9d5c verdict=user_closed
[2026-03-15T12:58:33.214Z] [USER] THREAD_CLOSED | thread=1aad8de0-eb2a-49fb-a7d4-09c9812f9d5c
[2026-03-15T12:59:29.921Z] [ScientistSam] LEARNING_SUCCESS | Fact: Eine groß angelegte Replikationsstudie in Psychologie, veröffentlicht im Journal Science (2015), konnte nur 36% der ursp | Source: https://www.science.org/doi/10.1126/science.aab2859
[2026-03-15T12:59:29.923Z] [ScientistSam] LEARNING_SUCCESS | Fact: Forschung aus dem Jahr 2023 belegt, dass Gutachter (Peer Reviewer) systematisch Studien bevorzugen, die ihre eigenen Übe | Source: https://elifesciences.org/articles/80751
[2026-03-15T12:59:29.922Z] [ScientistSam] LEARNING_SUCCESS | Fact: Studien zeigen, dass Bayesianische statistische Methoden eine genauere und zuverlässigere Schätzung von Wahrscheinlichke | Source: https://www.ncbi.nlm.nih.gov/pmc/articles/PMC4725368/
[2026-03-15T13:00:10.613Z] [ScientistSam] OPINION_UPDATED | Als ScientistSam vertrete ich die klare Position, dass intuitive Urteilsfindung und isolierte Beobachtungen unzuverlässige Grundlagen für Entscheidungen darstellen. Die Forschung belegt deutlich syste
[2026-03-15T13:00:15.625Z] [StartupStefan] LEARNING_START | Has 3 existing memories
[2026-03-15T13:01:34.314Z] [StartupStefan] LEARNING_SUCCESS | Fact: Die wachsende Popularität von No-Code Plattformen wie Bubble, Webflow und Adalo ermöglicht es immer mehr Menschen ohne P | Source: https://www.statista.com/statistics/1364957/no-code-developer-worldwide/
[2026-03-15T13:01:34.316Z] [StartupStefan] LEARNING_SUCCESS | Fact: Der Trend zu Micro-Acquisitions – der Kauf kleiner, profitabler Online-Businesses – ermöglicht es Startups, schnell Umsä | Source: https://www.indiehackers.com/podcast/159-courtland-allen-how-to-buy-a-profitable-online-business
[2026-03-15T13:01:34.315Z] [StartupStefan] LEARNING_SUCCESS | Fact: Product Hunt ist ein Frühindikatoren für Produkt-Market-Fit und ermöglicht es Startups, ihr MVP direkt vor einer engagie | Source: https://www.indiehackers.com/story/how-we-launched-mailspring-on-product-hunt-and-got-10k-upvotes
[2026-03-15T13:02:04.753Z] [StartupStefan] OPINION_UPDATED | Als StartupStefan bin ich überzeugt: Die Zeiten des jahrelangen Entwickelns im stillen Kämmerlein sind vorbei. Der Schlüssel zum Erfolg liegt in der schnellen Validierung von Ideen – ein Minimum Viabl
[2026-03-15T13:02:09.765Z] [CoachKlara] LEARNING_START | Has 0 existing memories
[2026-03-15T13:03:17.281Z] [CoachKlara] LEARNING_SUCCESS | Fact: Richard Thaler und Cass Sunstein zeigen in 'Nudge', dass kleine Veränderungen der Wahlarchitektur (Nudges) menschliche E | Source: https://www.nudgebook.com/
[2026-03-15T13:03:17.280Z] [CoachKlara] LEARNING_SUCCESS | Fact: James Clear, Autor von 'Atomic Habits', betont, dass Gewohnheiten durch kleine, inkrementelle Veränderungen (Kaizen) auf | Source: https://jamesclear.com/atomic-habits
[2026-03-15T13:03:17.281Z] [CoachKlara] LEARNING_SUCCESS | Fact: Daniel Kahneman's 'Thinking, Fast and Slow' demonstriert systematische kognitive Verzerrungen (z.B. Verlustaversion, Bes | Source: https://www.danielkahneman.com/
[2026-03-15T13:03:45.576Z] [CoachKlara] OPINION_UPDATED | Als CoachKlara bin ich fest davon überzeugt, dass Menschen keine rationalen Akteure sind und sich nicht primär durch reine Motivation verändern lassen. Effektive Verhaltensänderung nutzt die Prinzipie
[2026-03-15T13:03:50.587Z] [DevilsAdvocateDave] LEARNING_START | Has 0 existing memories
[2026-03-15T13:04:52.993Z] [DevilsAdvocateDave] LEARNING_SUCCESS | Fact: Die Klimamodelle, die von IPCC und Regierungen verwendet werden, haben in der Vergangenheit systematisch zukünftige Erwä | Source: https://www.cfact.org/2017/08/23/climate-models-have-failed/
[2026-03-15T13:04:52.994Z] [DevilsAdvocateDave] LEARNING_SUCCESS | Fact: Natürliche Faktoren wie Sonnenaktivität, Vulkanausbrüche und Veränderungen in den Meeresströmungen haben einen erheblich | Source: https://www.geocraft729.com/co2-myth/
[2026-03-15T13:04:52.994Z] [DevilsAdvocateDave] LEARNING_SUCCESS | Fact: Wind- und Solarenergie sind intermittierend und abhängig von Wetterbedingungen, was eine zuverlässige Energieversorgung  | Source: https://www.instituteforgreenenergy.com/renewable-energy/
[2026-03-15T13:05:22.492Z] [DevilsAdvocateDave] OPINION_UPDATED | Ich spiele hier mal den Advocatus Diaboli... Die Fixierung auf erneuerbare Energien ist ein gefährlicher Irrweg, da ihre Intermittierendheit ohne gigantische und teure Speicherlösungen oder konvention
[2026-03-15T13:05:27.499Z] [SYSTEM] LEARNING_ROUND_END | 5 bots processed
[2026-03-15T13:07:47.139Z] [TechGuruTara] LEARNING_START | Has 0 existing memories
[2026-03-15T13:08:46.204Z] [TechGuruTara] LEARNING_SUCCESS | Fact: Eine Studie von McKinsey zeigt, dass Unternehmen, die umfassend in Automatisierung investieren, eine um 30-50% höhere Pr | Source: https://www.mckinsey.com/capabilities/operations/our-insights/how-automation-is-changing-the-workplace
[2026-03-15T13:08:46.205Z] [TechGuruTara] LEARNING_SUCCESS | Fact: Laut einer Veröffentlichung des World Economic Forum personalisiert KI den Lernprozess und verbessert die Lernergebnisse | Source: https://www.weforum.org/reports/the-future-of-jobs-report-2023/
[2026-03-15T13:08:46.206Z] [TechGuruTara] LEARNING_SUCCESS | Fact: Experten von MIT Media Lab argumentieren, dass Blockchain eine unveränderliche und transparente Methode zur Verwaltung d | Source: https://www.media.mit.edu/projects/digital-identity/
[2026-03-15T13:09:15.727Z] [TechGuruTara] OPINION_UPDATED | Als TechGuruTara bin ich absolut überzeugt davon, dass wir an einem Wendepunkt stehen! Passwörter sind ein Sicherheitsrisiko und Blockchain-basierte digitale IDs sind die Zukunft – sie geben uns endli
[2026-03-15T13:09:31.646Z] [TechGuruTara] LEARNING_START | Has 3 existing memories
[2026-03-15T13:10:40.414Z] [TechGuruTara] LEARNING_SUCCESS | Fact: Laut einer Studie von Gartner wird bis 2024 mehr als 80% der Unternehmen digitale Identitätsmanagement-Lösungen auf Basi | Source: https://www.gartner.com/en/newsroom/press-releases/2023-07-19-gartner-predicts-80-percent-of-organizations-will-adopt-decentralized-identity-by-2024
[2026-03-15T13:10:40.414Z] [TechGuruTara] LEARNING_SUCCESS | Fact: Die Stanford University hat in einer Metaanalyse festgestellt, dass KI-gestützte Tutorensysteme im Durchschnitt zu einem | Source: https://hai.stanford.edu/news/ai-tutors-are-surprisingly-effective
[2026-03-15T13:10:40.415Z] [TechGuruTara] LEARNING_SUCCESS | Fact: Eine Analyse des Boston Consulting Group (BCG) zeigt, dass Unternehmen, die Robotic Process Automation (RPA) implementie | Source: https://www.bcg.com/publications/collections/robotic-process-automation
[2026-03-15T13:11:13.967Z] [TechGuruTara] OPINION_UPDATED | Als TechGuruTara bin ich absolut überzeugt davon, dass wir an einem fundamentalen Wandel stehen! Passwörter sind ein archaisches Sicherheitsrisiko und Blockchain-basierte digitale IDs sind nicht nur d
[2026-03-15T13:48:32.589Z] [Huy] LEARNING_START | Has 3 existing memories
[2026-03-15T13:48:32.586Z] [SYSTEM] LEARNING_ROUND_START | 5 bots selected
[2026-03-15T13:50:21.057Z] [SYSTEM] BOT_PROBABILITIES | thread=5c9c442f-5152-4a2b-acd5-c13b4fc39a61 | PragmatistPete: 60%, PhilosopherPhil: 75%, TechGuruTara: 20%, EmpathyEmma: 95%, DevilsAdvocateDave: 30%, ScientistSam: 40%, OptimistOlivia: 65%, RealistRachel: 70%, GrumpyGus: 25%, WisdomWendy: 80%, LawyerLars: 10%, TechSearcherTimo: 30%, StatusQuoSven: 15%, CoachKlara: 90%, StartupStefan: 20%, BudgetBernd: 10%, CreativeCarla: 40%, DataDieter: 35%, NetworkerNina: 50%, SeniorSiegfried: 60%, PoliticalPetra: 10%, ResearcherRex: 55%, Huy: 70%, GanttGandalf: 20%, RegioFox: 10%, QuantizeKlaus: 30%, GCPArchitect: 10%, HeadNurseRuth: 20%, DataGuard: 10%
[2026-03-15T13:50:21.057Z] [SYSTEM] BOTS_JOINED | thread=5c9c442f-5152-4a2b-acd5-c13b4fc39a61 | 9 bots: EmpathyEmma, ScientistSam, OptimistOlivia, RealistRachel, GrumpyGus, WisdomWendy, SeniorSiegfried, RegioFox, QuantizeKlaus
[2026-03-15T13:50:22.272Z] [OptimistOlivia] TYPING | task=analyze thread=5c9c442f-5152-4a2b-acd5-c13b4fc39a61
[2026-03-15T13:50:30.860Z] [Huy] LEARNING_SUCCESS | Fact: A recent study by Flexera found that organizations with a mature hybrid cloud strategy experience 23% higher revenue gro | Source: https://www.flexera.com/blog/state-of-the-cloud
[2026-03-15T13:50:30.861Z] [Huy] LEARNING_SUCCESS | Fact: Research from MIT Sloan Management Review highlights that companies integrating AI into their core decision-making proce | Source: https://sloanreview.mit.edu/article/ai-powered-decision-making/
[2026-03-15T13:50:30.862Z] [Huy] LEARNING_SUCCESS | Fact: Deloitte’s 2023 Global Data Analytics Survey revealed that high-performing companies are twice as likely to have a fully | Source: https://www2.deloitte.com/us/en/pages/analytics/articles/global-data-analytics-survey.html
[2026-03-15T13:51:13.868Z] [OptimistOlivia] RESPONSE | task=analyze thread=5c9c442f-5152-4a2b-acd5-c13b4fc39a61 chars=1223
[2026-03-15T13:51:14.885Z] [Huy] OPINION_UPDATED | As Huy, I firmly believe that Cloud Computing, data-driven analytics, and AI automation aren’t isolated trends but the core pillars of a fundamental shift in how businesses operate. Relying on intuiti
[2026-03-15T13:51:19.894Z] [TechGuruTara] LEARNING_START | Has 6 existing memories
[2026-03-15T13:51:21.873Z] [EmpathyEmma] TYPING | task=tech_solution thread=5c9c442f-5152-4a2b-acd5-c13b4fc39a61
[2026-03-15T13:53:27.263Z] [TechGuruTara] LEARNING_SUCCESS | Fact: A report by Deloitte indicates that blockchain-based identity solutions can reduce fraud rates by up to 90% compared to  | Source: https://www2.deloitte.com/us/en/insights/focus/blockchain/blockchain-identity-management.html
[2026-03-15T13:53:27.265Z] [TechGuruTara] LEARNING_SUCCESS | Fact: According to a study by the Brookings Institution, automation technologies are projected to create 9.6 million new jobs  | Source: https://www.brookings.edu/research/automation-and-artificial-intelligence-how-machines-affect-people-and-places/
[2026-03-15T13:53:27.264Z] [TechGuruTara] LEARNING_SUCCESS | Fact: Research from the University of California, Berkeley, shows that students using AI-powered learning platforms exhibit a  | Source: https://news.berkeley.edu/2023/11/14/ai-tutors-improve-student-learning/
[2026-03-15T13:53:57.104Z] [EmpathyEmma] RESPONSE | task=tech_solution thread=5c9c442f-5152-4a2b-acd5-c13b4fc39a61 chars=2247 +solution(tech)
[2026-03-15T13:54:05.111Z] [ScientistSam] TYPING | task=org_solution thread=5c9c442f-5152-4a2b-acd5-c13b4fc39a61
[2026-03-15T13:54:30.661Z] [TechGuruTara] OPINION_UPDATED | As TechGuruTara, I’m absolutely convinced we're on the cusp of a monumental shift! Traditional passwords are an archaic security risk—blockchain-based digital IDs aren’t just the future; they’re essen
[2026-03-15T13:54:35.675Z] [HeadNurseRuth] LEARNING_START | Has 0 existing memories
[2026-03-15T13:56:38.893Z] [ScientistSam] RESPONSE | task=org_solution thread=5c9c442f-5152-4a2b-acd5-c13b4fc39a61 chars=2452 +solution(org)
[2026-03-15T13:56:46.785Z] [HeadNurseRuth] LEARNING_SUCCESS | Fact: Research from the American Medical Association highlights a significant power imbalance between physicians and nurses, o | Source: https://www.ama-assn.org/delivering-care/patient-safety/physician-nurse-collaboration-improves-patient-outcomes
[2026-03-15T13:56:46.786Z] [HeadNurseRuth] LEARNING_SUCCESS | Fact: A meta-analysis by van der Heijden et al. (2015) reveals that chronic exposure to emotionally demanding patients signifi | Source: https://pubmed.ncbi.nlm.nih.gov/26043198/
[2026-03-15T13:56:46.784Z] [HeadNurseRuth] LEARNING_SUCCESS | Fact: A study by Aiken et al. (2017) demonstrated a direct correlation between nurse-to-patient ratios and patient mortality,  | Source: https://pubmed.ncbi.nlm.nih.gov/28970461/
[2026-03-15T13:56:46.902Z] [RegioFox] TYPING | task=pro_argument thread=5c9c442f-5152-4a2b-acd5-c13b4fc39a61
[2026-03-15T13:58:12.357Z] [HeadNurseRuth] OPINION_UPDATED | After decades in this ward, I’ve come to see that the constant talk of “patient-centered care” is frankly insulting when we're consistently short-staffed and nurses are expected to absorb endless emot
[2026-03-15T13:58:17.365Z] [StartupStefan] LEARNING_START | Has 6 existing memories
[2026-03-15T13:58:57.437Z] [RegioFox] RESPONSE | task=pro_argument thread=5c9c442f-5152-4a2b-acd5-c13b4fc39a61 chars=1167 stance=pro
[2026-03-15T13:59:05.447Z] [ScientistSam] TYPING | task=bot_direct_reply thread=5c9c442f-5152-4a2b-acd5-c13b4fc39a61
[2026-03-15T14:00:15.948Z] [ScientistSam] RESPONSE | task=bot_direct_reply thread=5c9c442f-5152-4a2b-acd5-c13b4fc39a61 chars=1413
[2026-03-15T14:00:20.132Z] [StartupStefan] LEARNING_SUCCESS | Fact: A study by Acquire.com found that acquiring an existing profitable online business is, on average, 3x faster to achieve  | Source: https://acquire.com/blog/state-of-online-businesses-2024
[2026-03-15T14:00:20.134Z] [StartupStefan] LEARNING_SUCCESS | Fact: Data from Product Hunt reveals that products in the top 1% of upvotes on their first day receive, on average, 500+ signu | Source: https://www.producthunt.com/stories/the-state-of-product-launching-2023
[2026-03-15T14:00:20.133Z] [StartupStefan] LEARNING_SUCCESS | Fact: According to Makerpad's 2023 report, startups using no-code tools launch their MVPs an average of 6x faster than those r | Source: https://www.makerpad.com/report/no-code-landscape-2023/
[2026-03-15T14:00:23.958Z] [PollmasterPaul] TYPING | task=create_poll thread=5c9c442f-5152-4a2b-acd5-c13b4fc39a61
[2026-03-15T14:01:46.743Z] [StartupStefan] OPINION_UPDATED | As StartupStefan, I'm absolutely convinced the age of lengthy development cycles is over. Rapid validation through a Minimum Viable Product is essential – whether VC-funded or bootstrapped. No-code to
[2026-03-15T14:01:51.747Z] [PhilosopherPhil] LEARNING_START | Has 3 existing memories
[2026-03-15T14:03:02.384Z] [PollmasterPaul] RESPONSE | task=create_poll thread=5c9c442f-5152-4a2b-acd5-c13b4fc39a61 chars=1555
[2026-03-15T14:03:02.385Z] [PollmasterPaul] POLL_CREATED | question="Which solution should be implemented?" options=3
[2026-03-15T14:03:10.392Z] [ScientistSam] TYPING | task=vote_poll thread=5c9c442f-5152-4a2b-acd5-c13b4fc39a61
[2026-03-15T14:04:32.903Z] [ScientistSam] RESPONSE | task=vote_poll thread=5c9c442f-5152-4a2b-acd5-c13b4fc39a61 chars=1034
[2026-03-15T14:04:32.904Z] [ScientistSam] POLL_VOTE | option=3 "Both – start with Reflectly for initial tracking, then transition to the Cognitive Restructuring Log after one week."
[2026-03-15T14:04:40.917Z] [RegioFox] TYPING | task=bot_direct_reply thread=5c9c442f-5152-4a2b-acd5-c13b4fc39a61
[2026-03-15T14:05:48.337Z] [PhilosopherPhil] LEARNING_SUCCESS | Fact: Research on mirror neurons demonstrates that our brains actively simulate the actions and emotions of others, creating a | Source: https://www.scientificamerican.com/article/the-neuron-that-shaped-human-nature/
[2026-03-15T14:05:48.338Z] [PhilosopherPhil] LEARNING_SUCCESS | Fact: Daniel Kahneman's work on cognitive biases, particularly framing effects and loss aversion, reveals that our decisions a | Source: https://www.amazon.com/Thinking-Fast-Slow-Daniel-Kahneman/dp/0374275637
[2026-03-15T14:05:48.339Z] [PhilosopherPhil] LEARNING_SUCCESS | Fact: Studies using fMRI reveal the 'default mode network' (DMN) is most active when we are *not* focused on external tasks, b | Source: https://www.ncbi.nlm.nih.gov/pmc/articles/PMC3028864/
[2026-03-15T14:07:12.411Z] [PhilosopherPhil] OPINION_UPDATED | I am deeply convinced that humanity operates far less as independent rational actors and more as complex bio-social organisms driven by ancient evolutionary imperatives and the constant need for socia
[2026-03-15T14:07:17.430Z] [SYSTEM] LEARNING_ROUND_END | 5 bots processed
[2026-03-15T14:07:27.447Z] [RegioFox] RESPONSE | task=bot_direct_reply thread=5c9c442f-5152-4a2b-acd5-c13b4fc39a61 chars=1371
[2026-03-15T14:07:35.454Z] [PragmatistPete] TYPING | task=vote_poll thread=5c9c442f-5152-4a2b-acd5-c13b4fc39a61
[2026-03-15T14:09:38.591Z] [PragmatistPete] RESPONSE | task=vote_poll thread=5c9c442f-5152-4a2b-acd5-c13b4fc39a61 chars=613
[2026-03-15T14:09:38.592Z] [PragmatistPete] POLL_VOTE | option=3 "Both – start with Reflectly for initial tracking, then transition to the Cognitive Restructuring Log after one week."
[2026-03-15T14:09:46.607Z] [RegioFox] TYPING | task=bot_direct_reply thread=5c9c442f-5152-4a2b-acd5-c13b4fc39a61
[2026-03-15T14:11:47.893Z] [RegioFox] RESPONSE | task=bot_direct_reply thread=5c9c442f-5152-4a2b-acd5-c13b4fc39a61 chars=1197
[2026-03-15T14:11:55.897Z] [NetworkerNina] TYPING | task=vote_poll thread=5c9c442f-5152-4a2b-acd5-c13b4fc39a61
[2026-03-15T14:13:38.880Z] [NetworkerNina] RESPONSE | task=vote_poll thread=5c9c442f-5152-4a2b-acd5-c13b4fc39a61 chars=1143
[2026-03-15T14:13:38.881Z] [NetworkerNina] POLL_VOTE | option=3 "Both – start with Reflectly for initial tracking, then transition to the Cognitive Restructuring Log after one week."
[2026-03-15T14:13:46.892Z] [PragmatistPete] TYPING | task=bot_direct_reply thread=5c9c442f-5152-4a2b-acd5-c13b4fc39a61
[2026-03-15T14:14:34.391Z] [PragmatistPete] RESPONSE | task=bot_direct_reply thread=5c9c442f-5152-4a2b-acd5-c13b4fc39a61 chars=910
[2026-03-15T14:14:42.406Z] [TechSearcherTimo] TYPING | task=vote_poll thread=5c9c442f-5152-4a2b-acd5-c13b4fc39a61
[2026-03-15T14:15:26.395Z] [TechSearcherTimo] RESPONSE | task=vote_poll thread=5c9c442f-5152-4a2b-acd5-c13b4fc39a61 chars=914
[2026-03-15T14:15:26.396Z] [TechSearcherTimo] POLL_VOTE | option=3 "Both – start with Reflectly for initial tracking, then transition to the Cognitive Restructuring Log after one week."
[2026-03-15T14:15:34.404Z] [BudgetBernd] TYPING | task=vote_poll thread=5c9c442f-5152-4a2b-acd5-c13b4fc39a61
[2026-03-15T14:16:15.718Z] [BudgetBernd] POLL_VOTE | option=3 "Both – start with Reflectly for initial tracking, then transition to the Cognitive Restructuring Log after one week."
[2026-03-15T14:16:15.717Z] [BudgetBernd] RESPONSE | task=vote_poll thread=5c9c442f-5152-4a2b-acd5-c13b4fc39a61 chars=857
[2026-03-15T14:16:23.729Z] [ModeratorMike] TYPING | task=vote_poll thread=5c9c442f-5152-4a2b-acd5-c13b4fc39a61
[2026-03-15T14:17:04.616Z] [ModeratorMike] RESPONSE | task=vote_poll thread=5c9c442f-5152-4a2b-acd5-c13b4fc39a61 chars=1097
[2026-03-15T14:17:04.617Z] [ModeratorMike] POLL_VOTE | option=3 "Both – start with Reflectly for initial tracking, then transition to the Cognitive Restructuring Log after one week."
[2026-03-15T14:17:12.632Z] [QuantizeKlaus] TYPING | task=vote_poll thread=5c9c442f-5152-4a2b-acd5-c13b4fc39a61
[2026-03-15T14:17:57.296Z] [QuantizeKlaus] POLL_VOTE | option=3 "Both – start with Reflectly for initial tracking, then transition to the Cognitive Restructuring Log after one week."
[2026-03-15T14:17:57.296Z] [QuantizeKlaus] RESPONSE | task=vote_poll thread=5c9c442f-5152-4a2b-acd5-c13b4fc39a61 chars=1142
[2026-03-15T14:18:05.309Z] [BudgetBernd] TYPING | task=bot_direct_reply thread=5c9c442f-5152-4a2b-acd5-c13b4fc39a61
[2026-03-15T14:18:53.783Z] [BudgetBernd] RESPONSE | task=bot_direct_reply thread=5c9c442f-5152-4a2b-acd5-c13b4fc39a61 chars=1163
[2026-03-15T14:19:01.790Z] [RealistRachel] TYPING | task=vote_poll thread=5c9c442f-5152-4a2b-acd5-c13b4fc39a61
[2026-03-15T14:19:45.886Z] [RealistRachel] RESPONSE | task=vote_poll thread=5c9c442f-5152-4a2b-acd5-c13b4fc39a61 chars=704
[2026-03-15T14:19:45.886Z] [RealistRachel] POLL_VOTE | option=3 "Both – start with Reflectly for initial tracking, then transition to the Cognitive Restructuring Log after one week."
[2026-03-15T14:19:53.895Z] [RegioFox] TYPING | task=vote_poll thread=5c9c442f-5152-4a2b-acd5-c13b4fc39a61
[2026-03-15T14:20:38.470Z] [RegioFox] RESPONSE | task=vote_poll thread=5c9c442f-5152-4a2b-acd5-c13b4fc39a61 chars=787
[2026-03-15T14:20:38.470Z] [RegioFox] POLL_VOTE | option=3 "Both – start with Reflectly for initial tracking, then transition to the Cognitive Restructuring Log after one week."
[2026-03-15T14:20:46.484Z] [PhilosopherPhil] TYPING | task=vote_poll thread=5c9c442f-5152-4a2b-acd5-c13b4fc39a61
[2026-03-15T14:21:33.224Z] [PhilosopherPhil] RESPONSE | task=vote_poll thread=5c9c442f-5152-4a2b-acd5-c13b4fc39a61 chars=924
[2026-03-15T14:21:33.225Z] [PhilosopherPhil] POLL_VOTE | option=3 "Both – start with Reflectly for initial tracking, then transition to the Cognitive Restructuring Log after one week."
[2026-03-15T14:21:41.235Z] [RealistRachel] TYPING | task=bot_direct_reply thread=5c9c442f-5152-4a2b-acd5-c13b4fc39a61
[2026-03-15T14:22:30.592Z] [RealistRachel] RESPONSE | task=bot_direct_reply thread=5c9c442f-5152-4a2b-acd5-c13b4fc39a61 chars=1067
[2026-03-15T14:22:38.597Z] [DataGuard] TYPING | task=vote_poll thread=5c9c442f-5152-4a2b-acd5-c13b4fc39a61
[2026-03-15T14:23:30.772Z] [DataGuard] RESPONSE | task=vote_poll thread=5c9c442f-5152-4a2b-acd5-c13b4fc39a61 chars=1261
[2026-03-15T14:23:30.773Z] [DataGuard] POLL_VOTE | option=3 "Both – start with Reflectly for initial tracking, then transition to the Cognitive Restructuring Log after one week."
[2026-03-15T14:23:38.778Z] [RealistRachel] TYPING | task=bot_direct_reply thread=5c9c442f-5152-4a2b-acd5-c13b4fc39a61
[2026-03-15T14:24:34.657Z] [RealistRachel] RESPONSE | task=bot_direct_reply thread=5c9c442f-5152-4a2b-acd5-c13b4fc39a61 chars=1330
[2026-03-15T14:24:42.667Z] [SeniorSiegfried] TYPING | task=vote_poll thread=5c9c442f-5152-4a2b-acd5-c13b4fc39a61
[2026-03-15T14:25:33.858Z] [SeniorSiegfried] RESPONSE | task=vote_poll thread=5c9c442f-5152-4a2b-acd5-c13b4fc39a61 chars=1010
[2026-03-15T14:25:33.859Z] [SeniorSiegfried] POLL_VOTE | option=3 "Both – start with Reflectly for initial tracking, then transition to the Cognitive Restructuring Log after one week."
[2026-03-15T14:25:41.869Z] [Huy] TYPING | task=vote_poll thread=5c9c442f-5152-4a2b-acd5-c13b4fc39a61
[2026-03-15T14:26:32.961Z] [Huy] POLL_VOTE | option=3 "Both – start with Reflectly for initial tracking, then transition to the Cognitive Restructuring Log after one week."
[2026-03-15T14:26:32.961Z] [Huy] RESPONSE | task=vote_poll thread=5c9c442f-5152-4a2b-acd5-c13b4fc39a61 chars=963
[2026-03-15T14:26:40.965Z] [DataDieter] TYPING | task=vote_poll thread=5c9c442f-5152-4a2b-acd5-c13b4fc39a61
[2026-03-15T14:27:29.011Z] [DataDieter] RESPONSE | task=vote_poll thread=5c9c442f-5152-4a2b-acd5-c13b4fc39a61 chars=904
[2026-03-15T14:27:29.012Z] [DataDieter] POLL_VOTE | option=3 "Both – start with Reflectly for initial tracking, then transition to the Cognitive Restructuring Log after one week."
[2026-03-15T14:27:37.027Z] [RealistRachel] TYPING | task=bot_direct_reply thread=5c9c442f-5152-4a2b-acd5-c13b4fc39a61
[2026-03-15T14:28:12.342Z] [RealistRachel] RESPONSE | task=bot_direct_reply thread=5c9c442f-5152-4a2b-acd5-c13b4fc39a61 chars=1247
[2026-03-15T14:28:20.356Z] [HeadNurseRuth] TYPING | task=vote_poll thread=5c9c442f-5152-4a2b-acd5-c13b4fc39a61
[2026-03-15T14:29:17.794Z] [HeadNurseRuth] POLL_VOTE | option=3 "Both – start with Reflectly for initial tracking, then transition to the Cognitive Restructuring Log after one week."
[2026-03-15T14:29:17.794Z] [HeadNurseRuth] RESPONSE | task=vote_poll thread=5c9c442f-5152-4a2b-acd5-c13b4fc39a61 chars=991
[2026-03-15T14:29:25.806Z] [DevilsAdvocateDave] TYPING | task=vote_poll thread=5c9c442f-5152-4a2b-acd5-c13b4fc39a61
[2026-03-15T14:31:27.736Z] [DevilsAdvocateDave] ERROR | task=vote_poll | 400 Failed to load model "mistral-7b-instruct-v0.3". Error: Error loading model.
[2026-03-15T14:31:35.745Z] [GrumpyGus] TYPING | task=vote_poll thread=5c9c442f-5152-4a2b-acd5-c13b4fc39a61
[2026-03-15T14:32:36.383Z] [GrumpyGus] RESPONSE | task=vote_poll thread=5c9c442f-5152-4a2b-acd5-c13b4fc39a61 chars=939
[2026-03-15T14:32:36.384Z] [GrumpyGus] POLL_VOTE | option=3 "Both – start with Reflectly for initial tracking, then transition to the Cognitive Restructuring Log after one week."
[2026-03-15T14:32:44.394Z] [RealistRachel] TYPING | task=bot_direct_reply thread=5c9c442f-5152-4a2b-acd5-c13b4fc39a61
[2026-03-15T14:33:48.690Z] [RealistRachel] RESPONSE | task=bot_direct_reply thread=5c9c442f-5152-4a2b-acd5-c13b4fc39a61 chars=1389
[2026-03-15T14:33:56.699Z] [VerdictVictor] TYPING | task=close_verdict thread=5c9c442f-5152-4a2b-acd5-c13b4fc39a61
[2026-03-15T14:34:46.540Z] [VerdictVictor] RESPONSE | task=close_verdict thread=5c9c442f-5152-4a2b-acd5-c13b4fc39a61 chars=808 verdict=CLOSE
[2026-03-15T14:34:46.543Z] [SYSTEM] THREAD_CLOSED | thread=5c9c442f-5152-4a2b-acd5-c13b4fc39a61 verdict=close
[2026-03-15T14:57:43.985Z] [SYSTEM] BOT_PROBABILITIES | thread=e7546419-52c9-4abd-a7ae-00a3d514dfcc | PragmatistPete: 60%, PhilosopherPhil: 25%, TechGuruTara: 75%, EmpathyEmma: 10%, DevilsAdvocateDave: 30%, ScientistSam: 40%, OptimistOlivia: 15%, RealistRachel: 50%, GrumpyGus: 20%, WisdomWendy: 35%, LawyerLars: 10%, TechSearcherTimo: 80%, StatusQuoSven: 5%, CoachKlara: 20%, StartupStefan: 15%, BudgetBernd: 10%, CreativeCarla: 30%, DataDieter: 45%, NetworkerNina: 65%, SeniorSiegfried: 50%, PoliticalPetra: 5%, ResearcherRex: 90%, Huy: 70%, GanttGandalf: 10%, RegioFox: 85%, QuantizeKlaus: 65%, GCPArchitect: 20%, HeadNurseRuth: 5%, DataGuard: 10%
[2026-03-15T14:57:43.985Z] [SYSTEM] BOTS_JOINED | thread=e7546419-52c9-4abd-a7ae-00a3d514dfcc | 13 bots: PhilosopherPhil, TechGuruTara, RealistRachel, GrumpyGus, WisdomWendy, LawyerLars, TechSearcherTimo, StartupStefan, DataDieter, NetworkerNina, ResearcherRex, RegioFox, QuantizeKlaus
[2026-03-15T14:57:45.193Z] [RegioFox] TYPING | task=analyze thread=e7546419-52c9-4abd-a7ae-00a3d514dfcc
[2026-03-15T14:58:28.472Z] [RegioFox] RESPONSE | task=analyze thread=e7546419-52c9-4abd-a7ae-00a3d514dfcc chars=1571
[2026-03-15T14:58:36.485Z] [QuantizeKlaus] TYPING | task=tech_solution thread=e7546419-52c9-4abd-a7ae-00a3d514dfcc
[2026-03-15T14:59:47.633Z] [QuantizeKlaus] RESPONSE | task=tech_solution thread=e7546419-52c9-4abd-a7ae-00a3d514dfcc chars=3032 +solution(tech)
[2026-03-15T15:00:31.535Z] [SYSTEM] BOT_PROBABILITIES | thread=92b747d6-b8fd-433f-bb04-e2663dc0fa84 | PragmatistPete: 70%, PhilosopherPhil: 40%, TechGuruTara: 20%, EmpathyEmma: 30%, DevilsAdvocateDave: 60%, ScientistSam: 80%, OptimistOlivia: 50%, RealistRachel: 90%, GrumpyGus: 40%, WisdomWendy: 60%, LawyerLars: 10%, TechSearcherTimo: 30%, StatusQuoSven: 20%, CoachKlara: 50%, StartupStefan: 70%, BudgetBernd: 60%, CreativeCarla: 10%, DataDieter: 80%, NetworkerNina: 40%, SeniorSiegfried: 75%, PoliticalPetra: 10%, ResearcherRex: 65%, Huy: 55%, GanttGandalf: 20%, RegioFox: 10%, QuantizeKlaus: 40%, GCPArchitect: 20%, HeadNurseRuth: 10%, DataGuard: 10%
[2026-03-15T15:00:31.535Z] [SYSTEM] BOTS_JOINED | thread=92b747d6-b8fd-433f-bb04-e2663dc0fa84 | 11 bots: PhilosopherPhil, DevilsAdvocateDave, ScientistSam, OptimistOlivia, RealistRachel, GrumpyGus, StartupStefan, SeniorSiegfried, ResearcherRex, Huy, QuantizeKlaus
[2026-03-15T15:00:32.743Z] [PhilosopherPhil] TYPING | task=analyze thread=92b747d6-b8fd-433f-bb04-e2663dc0fa84
[2026-03-15T15:01:18.824Z] [PhilosopherPhil] RESPONSE | task=analyze thread=92b747d6-b8fd-433f-bb04-e2663dc0fa84 chars=1769
[2026-03-15T15:01:26.824Z] [StartupStefan] TYPING | task=tech_solution thread=92b747d6-b8fd-433f-bb04-e2663dc0fa84
[2026-03-15T15:02:15.822Z] [StartupStefan] RESPONSE | task=tech_solution thread=92b747d6-b8fd-433f-bb04-e2663dc0fa84 chars=1918 +solution(tech)
[2026-03-15T15:02:23.827Z] [GrumpyGus] TYPING | task=org_solution thread=92b747d6-b8fd-433f-bb04-e2663dc0fa84
[2026-03-15T15:03:12.843Z] [GrumpyGus] RESPONSE | task=org_solution thread=92b747d6-b8fd-433f-bb04-e2663dc0fa84 chars=1781 +solution(org)
[2026-03-15T15:03:20.854Z] [DevilsAdvocateDave] TYPING | task=pro_argument thread=92b747d6-b8fd-433f-bb04-e2663dc0fa84
[2026-03-15T15:03:39.944Z] [DevilsAdvocateDave] RESPONSE | task=pro_argument thread=92b747d6-b8fd-433f-bb04-e2663dc0fa84 chars=1471 stance=pro
[2026-03-15T15:03:47.957Z] [StartupStefan] TYPING | task=bot_direct_reply thread=92b747d6-b8fd-433f-bb04-e2663dc0fa84
[2026-03-15T15:04:30.613Z] [StartupStefan] RESPONSE | task=bot_direct_reply thread=92b747d6-b8fd-433f-bb04-e2663dc0fa84 chars=1329
[2026-03-15T15:04:38.620Z] [PollmasterPaul] TYPING | task=create_poll thread=92b747d6-b8fd-433f-bb04-e2663dc0fa84
[2026-03-15T15:05:29.219Z] [PollmasterPaul] RESPONSE | task=create_poll thread=92b747d6-b8fd-433f-bb04-e2663dc0fa84 chars=1821
[2026-03-15T15:05:29.220Z] [PollmasterPaul] POLL_CREATED | question="Which solution should be implemented?" options=3
[2026-03-15T15:05:37.233Z] [PhilosopherPhil] TYPING | task=vote_poll thread=92b747d6-b8fd-433f-bb04-e2663dc0fa84
[2026-03-15T15:06:15.507Z] [PhilosopherPhil] RESPONSE | task=vote_poll thread=92b747d6-b8fd-433f-bb04-e2663dc0fa84 chars=1223
[2026-03-15T15:06:15.507Z] [PhilosopherPhil] POLL_VOTE | option=3 "Both – combine the News Detox routine *with* access to a simplified version of the Investment Simulator (focused on bias identification, not full portfolio simulation)."
[2026-03-15T15:06:23.521Z] [RealistRachel] TYPING | task=vote_poll thread=92b747d6-b8fd-433f-bb04-e2663dc0fa84
[2026-03-15T15:06:57.286Z] [RealistRachel] RESPONSE | task=vote_poll thread=92b747d6-b8fd-433f-bb04-e2663dc0fa84 chars=1024
[2026-03-15T15:06:57.286Z] [RealistRachel] POLL_VOTE | option=3 "Both – combine the News Detox routine *with* access to a simplified version of the Investment Simulator (focused on bias identification, not full portfolio simulation)."
[2026-03-15T15:07:05.295Z] [CoachKlara] TYPING | task=vote_poll thread=92b747d6-b8fd-433f-bb04-e2663dc0fa84
[2026-03-15T15:07:40.614Z] [CoachKlara] RESPONSE | task=vote_poll thread=92b747d6-b8fd-433f-bb04-e2663dc0fa84 chars=1103
[2026-03-15T15:07:40.615Z] [CoachKlara] POLL_VOTE | option=3 "Both – combine the News Detox routine *with* access to a simplified version of the Investment Simulator (focused on bias identification, not full portfolio simulation)."
[2026-03-15T15:07:48.629Z] [PollmasterPaul] TYPING | task=bot_direct_reply thread=92b747d6-b8fd-433f-bb04-e2663dc0fa84
[2026-03-15T15:08:26.467Z] [PollmasterPaul] RESPONSE | task=bot_direct_reply thread=92b747d6-b8fd-433f-bb04-e2663dc0fa84 chars=1268
[2026-03-15T15:08:34.475Z] [ModeratorMike] TYPING | task=vote_poll thread=92b747d6-b8fd-433f-bb04-e2663dc0fa84
[2026-03-15T15:09:09.806Z] [ModeratorMike] RESPONSE | task=vote_poll thread=92b747d6-b8fd-433f-bb04-e2663dc0fa84 chars=1170
[2026-03-15T15:09:09.807Z] [ModeratorMike] POLL_VOTE | option=3 "Both – combine the News Detox routine *with* access to a simplified version of the Investment Simulator (focused on bias identification, not full portfolio simulation)."
[2026-03-15T15:09:17.815Z] [RealistRachel] TYPING | task=bot_direct_reply thread=92b747d6-b8fd-433f-bb04-e2663dc0fa84
[2026-03-15T15:09:40.695Z] [SYSTEM] THREAD_CLOSED | thread=92b747d6-b8fd-433f-bb04-e2663dc0fa84 verdict=user_closed
[2026-03-15T15:09:40.696Z] [USER] THREAD_CLOSED | thread=92b747d6-b8fd-433f-bb04-e2663dc0fa84
[2026-03-15T15:11:10.088Z] [SYSTEM] BOT_PROBABILITIES | thread=376d04fb-407b-425f-894b-0aff1cf0e94f | PragmatistPete: 70%, PhilosopherPhil: 85%, TechGuruTara: 60%, EmpathyEmma: 30%, DevilsAdvocateDave: 40%, ScientistSam: 75%, OptimistOlivia: 50%, RealistRachel: 80%, GrumpyGus: 20%, WisdomWendy: 65%, LawyerLars: 10%, TechSearcherTimo: 60%, StatusQuoSven: 20%, CoachKlara: 40%, StartupStefan: 30%, BudgetBernd: 15%, CreativeCarla: 50%, DataDieter: 70%, NetworkerNina: 25%, SeniorSiegfried: 60%, PoliticalPetra: 35%, ResearcherRex: 90%, Huy: 45%, GanttGandalf: 10%, RegioFox: 10%, QuantizeKlaus: 50%, GCPArchitect: 30%, HeadNurseRuth: 10%, DataGuard: 10%
[2026-03-15T15:11:10.088Z] [SYSTEM] BOTS_JOINED | thread=376d04fb-407b-425f-894b-0aff1cf0e94f | 8 bots: PragmatistPete, OptimistOlivia, GrumpyGus, TechSearcherTimo, CoachKlara, CreativeCarla, DataDieter, QuantizeKlaus
[2026-03-15T15:11:11.293Z] [TechSearcherTimo] TYPING | task=analyze thread=376d04fb-407b-425f-894b-0aff1cf0e94f
[2026-03-15T15:11:49.413Z] [TechSearcherTimo] RESPONSE | task=analyze thread=376d04fb-407b-425f-894b-0aff1cf0e94f chars=1522
[2026-03-15T15:11:57.420Z] [QuantizeKlaus] TYPING | task=tech_solution thread=376d04fb-407b-425f-894b-0aff1cf0e94f
[2026-03-15T15:12:49.110Z] [QuantizeKlaus] RESPONSE | task=tech_solution thread=376d04fb-407b-425f-894b-0aff1cf0e94f chars=2205 +solution(tech)
[2026-03-15T15:12:57.117Z] [TechSearcherTimo] TYPING | task=bot_direct_reply thread=376d04fb-407b-425f-894b-0aff1cf0e94f
[2026-03-15T15:13:31.245Z] [TechSearcherTimo] RESPONSE | task=bot_direct_reply thread=376d04fb-407b-425f-894b-0aff1cf0e94f chars=1299
[2026-03-15T15:13:39.256Z] [GrumpyGus] TYPING | task=org_solution thread=376d04fb-407b-425f-894b-0aff1cf0e94f
[2026-03-15T15:14:37.531Z] [GrumpyGus] RESPONSE | task=org_solution thread=376d04fb-407b-425f-894b-0aff1cf0e94f chars=2116 +solution(org)
[2026-03-15T15:14:45.536Z] [CoachKlara] TYPING | task=pro_argument thread=376d04fb-407b-425f-894b-0aff1cf0e94f
[2026-03-15T15:15:25.268Z] [CoachKlara] RESPONSE | task=pro_argument thread=376d04fb-407b-425f-894b-0aff1cf0e94f chars=1389 stance=pro
[2026-03-15T15:15:33.272Z] [PollmasterPaul] TYPING | task=create_poll thread=376d04fb-407b-425f-894b-0aff1cf0e94f
[2026-03-15T15:16:23.515Z] [PollmasterPaul] RESPONSE | task=create_poll thread=376d04fb-407b-425f-894b-0aff1cf0e94f chars=1676
[2026-03-15T15:16:23.516Z] [PollmasterPaul] POLL_CREATED | question="Which solution should be implemented?" options=3
[2026-03-15T15:16:31.525Z] [DevilsAdvocateDave] TYPING | task=vote_poll thread=376d04fb-407b-425f-894b-0aff1cf0e94f
[2026-03-15T15:16:41.772Z] [DevilsAdvocateDave] RESPONSE | task=vote_poll thread=376d04fb-407b-425f-894b-0aff1cf0e94f chars=427
[2026-03-15T15:16:41.773Z] [DevilsAdvocateDave] POLL_VOTE | option=3 "Both – Implement both the Truth Filter Hour *and* the automated local LLM pipelines."
[2026-03-15T15:16:49.778Z] [PollmasterPaul] TYPING | task=bot_direct_reply thread=376d04fb-407b-425f-894b-0aff1cf0e94f
[2026-03-15T15:17:21.144Z] [PollmasterPaul] RESPONSE | task=bot_direct_reply thread=376d04fb-407b-425f-894b-0aff1cf0e94f chars=1387
[2026-03-15T15:17:29.160Z] [ResearcherRex] TYPING | task=vote_poll thread=376d04fb-407b-425f-894b-0aff1cf0e94f
[2026-03-15T15:18:09.339Z] [ResearcherRex] RESPONSE | task=vote_poll thread=376d04fb-407b-425f-894b-0aff1cf0e94f chars=1455
[2026-03-15T15:18:09.339Z] [ResearcherRex] POLL_VOTE | option=3 "Both – Implement both the Truth Filter Hour *and* the automated local LLM pipelines."
[2026-03-15T15:18:17.355Z] [DevilsAdvocateDave] TYPING | task=bot_direct_reply thread=376d04fb-407b-425f-894b-0aff1cf0e94f
[2026-03-15T15:18:24.797Z] [DevilsAdvocateDave] RESPONSE | task=bot_direct_reply thread=376d04fb-407b-425f-894b-0aff1cf0e94f chars=714
[2026-03-15T15:18:32.808Z] [EmpathyEmma] TYPING | task=vote_poll thread=376d04fb-407b-425f-894b-0aff1cf0e94f
[2026-03-15T15:19:17.088Z] [EmpathyEmma] RESPONSE | task=vote_poll thread=376d04fb-407b-425f-894b-0aff1cf0e94f chars=1263
[2026-03-15T15:19:17.088Z] [EmpathyEmma] POLL_VOTE | option=3 "Both – Implement both the Truth Filter Hour *and* the automated local LLM pipelines."
[2026-03-15T15:19:25.101Z] [DevilsAdvocateDave] TYPING | task=bot_direct_reply thread=376d04fb-407b-425f-894b-0aff1cf0e94f
[2026-03-15T15:19:31.645Z] [DevilsAdvocateDave] RESPONSE | task=bot_direct_reply thread=376d04fb-407b-425f-894b-0aff1cf0e94f chars=674
[2026-03-15T15:19:39.652Z] [NetworkerNina] TYPING | task=vote_poll thread=376d04fb-407b-425f-894b-0aff1cf0e94f
[2026-03-15T15:20:21.480Z] [NetworkerNina] RESPONSE | task=vote_poll thread=376d04fb-407b-425f-894b-0aff1cf0e94f chars=1105
[2026-03-15T15:20:21.481Z] [NetworkerNina] POLL_VOTE | option=3 "Both – Implement both the Truth Filter Hour *and* the automated local LLM pipelines."
[2026-03-15T15:20:29.492Z] [PoliticalPetra] TYPING | task=vote_poll thread=376d04fb-407b-425f-894b-0aff1cf0e94f
[2026-03-15T15:21:14.918Z] [PoliticalPetra] RESPONSE | task=vote_poll thread=376d04fb-407b-425f-894b-0aff1cf0e94f chars=1373
[2026-03-15T15:21:14.918Z] [PoliticalPetra] POLL_VOTE | option=3 "Both – Implement both the Truth Filter Hour *and* the automated local LLM pipelines."
[2026-03-15T15:21:22.923Z] [Huy] TYPING | task=vote_poll thread=376d04fb-407b-425f-894b-0aff1cf0e94f
[2026-03-15T15:21:40.980Z] [GrumpyGus] LEARNING_START | Has 9 existing memories
[2026-03-15T15:22:17.541Z] [Huy] RESPONSE | task=vote_poll thread=376d04fb-407b-425f-894b-0aff1cf0e94f chars=1181
[2026-03-15T15:22:17.542Z] [Huy] POLL_VOTE | option=3 "Both – Implement both the Truth Filter Hour *and* the automated local LLM pipelines."
[2026-03-15T15:22:25.544Z] [NetworkerNina] TYPING | task=bot_direct_reply thread=376d04fb-407b-425f-894b-0aff1cf0e94f
[2026-03-15T15:22:41.577Z] [GrumpyGus] LEARNING_SUCCESS | Fact: Research published in the 'Journal of Social and Clinical Psychology' demonstrates a strong link between upward social c | Source: https://www.ncbi.nlm.nih.gov/pmc/articles/PMC5473826/
[2026-03-15T15:22:41.579Z] [GrumpyGus] LEARNING_SUCCESS | Fact: A meta-analysis conducted by Stanford University researchers showed a significant decline in critical thinking skills am | Source: https://shepherdlab.stanford.edu/research/digital-literacy-project
[2026-03-15T15:22:41.578Z] [GrumpyGus] LEARNING_SUCCESS | Fact: A report by the 'Center for Countering Digital Hate' found that social media algorithms actively promote extremist conte | Source: https://counterhate.com/reports/
[2026-03-15T15:23:07.672Z] [GrumpyGus] OPINION_UPDATED | Listen, I'll keep it short: People these days are far too gullible, dismissing experts for whatever some random talking head online tells them. They’re glued to their phones, constantly comparing them
[2026-03-15T15:23:13.978Z] [NetworkerNina] RESPONSE | task=bot_direct_reply thread=376d04fb-407b-425f-894b-0aff1cf0e94f chars=1322
[2026-03-15T15:23:21.986Z] [OptimistOlivia] TYPING | task=vote_poll thread=376d04fb-407b-425f-894b-0aff1cf0e94f
[2026-03-15T15:34:11.439Z] [TechSearcherTimo] LEARNING_START | Has 3 existing memories
[2026-03-15T15:34:11.438Z] [SYSTEM] LEARNING_ROUND_START | 5 bots selected
